text,label,language,source
तपाईंको पार्सल रोकिएको छ। डेलिभरी शुल्क तिर्न [लिङ्क] मा जानुहोस्।,Phishing,NP,chatgpt
तपाईंको अर्डर #16572 सफलतापूर्वक पुष्टि गरिएको छ। अनुमानित डेलिभरी मिति 1980-07-19 हो।,Safe,NP,chatgpt
तपाईंको अर्डर #50888 सफलतापूर्वक पुष्टि गरिएको छ। अनुमानित डेलिभरी मिति 2022-11-21 हो।,Safe,NP,chatgpt
सेवा सुधारका लागि नयाँ नीति लागू गरिएको छ। विवरण संलग्न गरिएको छ।,Safe,NP,chatgpt
तपाईंको बैंक खातामा शंकास्पद गतिविधि भेटियो। तुरुन्त [लिङ्क] मा गएर प्रमाणित गर्नुहोस्।,Phishing,NP,chatgpt
भोलिको बैठक 13:40:52 बजेका लागि तय गरिएको छ। कृपया समयमै सहभागी हुनुहोस्।,Safe,NP,chatgpt
असामान्य लगइन प्रयास भेटिएको छ। आफ्नो खाता सुरक्षित गर्न https://verify-nepal-secure.com प्रयोग गर्नुहोस्।,Phishing,NP,chatgpt
तपाईंको सामाजिक सञ्जाल खाता हटाइने अवस्थामा छ। बचाउन https://fakebank-update.net मा लगइन गर्नुहोस्।,Phishing,NP,chatgpt
भुक्तानी असफल भएको कारण तपाईंको सेवा रोकिएको छ। https://verify-nepal-secure.com मा कार्ड विवरण अद्यावधिक गर्नुहोस्।,Phishing,NP,chatgpt
असामान्य लगइन प्रयास भेटिएको छ। आफ्नो खाता सुरक्षित गर्न https://delivery-check-now.org प्रयोग गर्नुहोस्।,Phishing,NP,chatgpt
सेवा सुधारका लागि नयाँ नीति लागू गरिएको छ। विवरण संलग्न गरिएको छ।,Safe,NP,chatgpt
भोलिको बैठक 09:17:57 बजेका लागि तय गरिएको छ। कृपया समयमै सहभागी हुनुहोस्।,Safe,NP,chatgpt
तपाईंको भुक्तानी सफलतापूर्वक प्राप्त भयो। रसिद संलग्न गरिएको छ।,Safe,NP,chatgpt
हाम्रो मासिक समाचारपत्र पढ्नुभएकोमा धन्यवाद।,Safe,NP,chatgpt
तपाईंको इमेलमा सुरक्षा समस्या पत्ता लागेको छ। तुरुन्त https://delivery-check-now.org मा प्रमाणीकरण गर्नुहोस्।,Phishing,NP,chatgpt
तपाईंको पासवर्ड सफलतापूर्वक परिवर्तन गरिएको छ। कुनै कार्य आवश्यक छैन।,Safe,NP,chatgpt
तपाईंको इमेलमा सुरक्षा समस्या पत्ता लागेको छ। तुरुन्त [लिङ्क] मा प्रमाणीकरण गर्नुहोस्।,Phishing,NP,chatgpt
तपाईंको टिकट सफलतापूर्वक बुक गरिएको छ। यात्रा विवरण पछि पठाइनेछ।,Safe,NP,chatgpt
हामीसँगको सहकार्यका लागि धन्यवाद। आगामी कार्यक्रममा भेटौंला।,Safe,NP,chatgpt
सेवा सुधारका लागि नयाँ नीति लागू गरिएको छ। विवरण संलग्न गरिएको छ।,Safe,NP,chatgpt
भुक्तानी असफल भएको कारण तपाईंको सेवा रोकिएको छ। https://fakebank-update.net मा कार्ड विवरण अद्यावधिक गर्नुहोस्।,Phishing,NP,chatgpt
तपाईंको भुक्तानी सफलतापूर्वक प्राप्त भयो। रसिद संलग्न गरिएको छ।,Safe,NP,chatgpt
तपाईंको भुक्तानी सफलतापूर्वक प्राप्त भयो। रसिद संलग्न गरिएको छ।,Safe,NP,chatgpt
तपाईंको पार्सल वितरण प्रक्रियामा छ। कृपया प्रतीक्षा गर्नुहोस्।,Safe,NP,chatgpt
तपाईंको पासवर्ड सफलतापूर्वक परिवर्तन गरिएको छ। कुनै कार्य आवश्यक छैन।,Safe,NP,chatgpt
हाम्रो मासिक समाचारपत्र पढ्नुभएकोमा धन्यवाद।,Safe,NP,chatgpt
तपाईंको पार्सल रोकिएको छ। डेलिभरी शुल्क तिर्न [लिङ्क] मा जानुहोस्।,Phishing,NP,chatgpt
तपाईंको पासवर्ड सफलतापूर्वक परिवर्तन गरिएको छ। कुनै कार्य आवश्यक छैन।,Safe,NP,chatgpt
सेवा सुधारका लागि नयाँ नीति लागू गरिएको छ। विवरण संलग्न गरिएको छ।,Safe,NP,chatgpt
तपाईंले लटरी जित्नुभएको छ। पुरस्कार दाबी गर्न https://delivery-check-now.org मा जानुहोस्।,Phishing,NP,chatgpt
तपाईंको अर्डर #57303 सफलतापूर्वक पुष्टि गरिएको छ। अनुमानित डेलिभरी मिति 2007-09-05 हो।,Safe,NP,chatgpt
भुक्तानी असफल भएको कारण तपाईंको सेवा रोकिएको छ। https://delivery-check-now.org मा कार्ड विवरण अद्यावधिक गर्नुहोस्।,Phishing,NP,chatgpt
सेवा सुधारका लागि नयाँ नीति लागू गरिएको छ। विवरण संलग्न गरिएको छ।,Safe,NP,chatgpt
तपाईंको खाता अस्थायी रूपमा बन्द गरिएको छ। पुनः सक्रिय गर्न https://delivery-check-now.org खोल्नुहोस्।,Phishing,NP,chatgpt
तपाईंको पासवर्ड सफलतापूर्वक परिवर्तन गरिएको छ। कुनै कार्य आवश्यक छैन।,Safe,NP,chatgpt
तपाईंको खाता अस्थायी रूपमा बन्द गरिएको छ। पुनः सक्रिय गर्न https://verify-nepal-secure.com खोल्नुहोस्।,Phishing,NP,chatgpt
हामीसँगको सहकार्यका लागि धन्यवाद। आगामी कार्यक्रममा भेटौंला।,Safe,NP,chatgpt
तपाईंको भुक्तानी सफलतापूर्वक प्राप्त भयो। रसिद संलग्न गरिएको छ।,Safe,NP,chatgpt
तपाईंको भुक्तानी सफलतापूर्वक प्राप्त भयो। रसिद संलग्न गरिएको छ।,Safe,NP,chatgpt
सरकारी कर फिर्ता प्राप्त गर्न अहिले https://verify-nepal-secure.com मा आफ्नो विवरण अपडेट गर्नुहोस्।,Phishing,NP,chatgpt
तपाईंको सदस्यता सफलतापूर्वक नवीकरण गरिएको छ। धन्यवाद।,Safe,NP,chatgpt
तपाईंको पासवर्ड सफलतापूर्वक परिवर्तन गरिएको छ। कुनै कार्य आवश्यक छैन।,Safe,NP,chatgpt
तपाईंको इमेलमा सुरक्षा समस्या पत्ता लागेको छ। तुरुन्त https://delivery-check-now.org मा प्रमाणीकरण गर्नुहोस्।,Phishing,NP,chatgpt
तपाईंको मोबाइल बैंकिङ सेवा निलम्बन हुन लागेको छ। https://verify-nepal-secure.com मा गएर पहिचान पुष्टि गर्नुहोस्।,Phishing,NP,chatgpt
तपाईंले लटरी जित्नुभएको छ। पुरस्कार दाबी गर्न [लिङ्क] मा जानुहोस्।,Phishing,NP,chatgpt
सेवा सुधारका लागि नयाँ नीति लागू गरिएको छ। विवरण संलग्न गरिएको छ।,Safe,NP,chatgpt
तपाईंको पार्सल रोकिएको छ। डेलिभरी शुल्क तिर्न [लिङ्क] मा जानुहोस्।,Phishing,NP,chatgpt
तपाईंको भुक्तानी सफलतापूर्वक प्राप्त भयो। रसिद संलग्न गरिएको छ।,Safe,NP,chatgpt
तपाईंको मोबाइल बैंकिङ सेवा निलम्बन हुन लागेको छ। https://नक्कली-लिङ्क.कम मा गएर पहिचान पुष्टि गर्नुहोस्।,Phishing,NP,chatgpt
सरकारी कर फिर्ता प्राप्त गर्न अहिले [लिङ्क] मा आफ्नो विवरण अपडेट गर्नुहोस्।,Phishing,NP,chatgpt
तपाईंको इमेलमा सुरक्षा समस्या पत्ता लागेको छ। तुरुन्त https://fakebank-update.net मा प्रमाणीकरण गर्नुहोस्।,Phishing,NP,chatgpt
भोलिको बैठक 16:28:40 बजेका लागि तय गरिएको छ। कृपया समयमै सहभागी हुनुहोस्।,Safe,NP,chatgpt
सरकारी कर फिर्ता प्राप्त गर्न अहिले https://verify-nepal-secure.com मा आफ्नो विवरण अपडेट गर्नुहोस्।,Phishing,NP,chatgpt
भुक्तानी असफल भएको कारण तपाईंको सेवा रोकिएको छ। https://fakebank-update.net मा कार्ड विवरण अद्यावधिक गर्नुहोस्।,Phishing,NP,chatgpt
तपाईंको इमेलमा सुरक्षा समस्या पत्ता लागेको छ। तुरुन्त https://नक्कली-लिङ्क.कम मा प्रमाणीकरण गर्नुहोस्।,Phishing,NP,chatgpt
तपाईंको पासवर्ड सफलतापूर्वक परिवर्तन गरिएको छ। कुनै कार्य आवश्यक छैन।,Safe,NP,chatgpt
भोलिको बैठक 02:01:42 बजेका लागि तय गरिएको छ। कृपया समयमै सहभागी हुनुहोस्।,Safe,NP,chatgpt
तपाईंको भुक्तानी सफलतापूर्वक प्राप्त भयो। रसिद संलग्न गरिएको छ।,Safe,NP,chatgpt
तपाईंको मोबाइल बैंकिङ सेवा निलम्बन हुन लागेको छ। [लिङ्क] मा गएर पहिचान पुष्टि गर्नुहोस्।,Phishing,NP,chatgpt
तपाईंको खाता अस्थायी रूपमा बन्द गरिएको छ। पुनः सक्रिय गर्न https://fakebank-update.net खोल्नुहोस्।,Phishing,NP,chatgpt
सेवा सुधारका लागि नयाँ नीति लागू गरिएको छ। विवरण संलग्न गरिएको छ।,Safe,NP,chatgpt
हामीसँगको सहकार्यका लागि धन्यवाद। आगामी कार्यक्रममा भेटौंला।,Safe,NP,chatgpt
हाम्रो मासिक समाचारपत्र पढ्नुभएकोमा धन्यवाद।,Safe,NP,chatgpt
तपाईंको बैंक खातामा शंकास्पद गतिविधि भेटियो। तुरुन्त https://verify-nepal-secure.com मा गएर प्रमाणित गर्नुहोस्।,Phishing,NP,chatgpt
तपाईंले लटरी जित्नुभएको छ। पुरस्कार दाबी गर्न https://नक्कली-लिङ्क.कम मा जानुहोस्।,Phishing,NP,chatgpt
तपाईंको पार्सल वितरण प्रक्रियामा छ। कृपया प्रतीक्षा गर्नुहोस्।,Safe,NP,chatgpt
हामीसँगको सहकार्यका लागि धन्यवाद। आगामी कार्यक्रममा भेटौंला।,Safe,NP,chatgpt
तपाईंको मोबाइल बैंकिङ सेवा निलम्बन हुन लागेको छ। [लिङ्क] मा गएर पहिचान पुष्टि गर्नुहोस्।,Phishing,NP,chatgpt
तपाईंको पार्सल रोकिएको छ। डेलिभरी शुल्क तिर्न https://fakebank-update.net मा जानुहोस्।,Phishing,NP,chatgpt
भोलिको बैठक 02:47:41 बजेका लागि तय गरिएको छ। कृपया समयमै सहभागी हुनुहोस्।,Safe,NP,chatgpt
भोलिको बैठक 13:22:43 बजेका लागि तय गरिएको छ। कृपया समयमै सहभागी हुनुहोस्।,Safe,NP,chatgpt
तपाईंको खाता अस्थायी रूपमा बन्द गरिएको छ। पुनः सक्रिय गर्न https://delivery-check-now.org खोल्नुहोस्।,Phishing,NP,chatgpt
तपाईंको अर्डर #41571 सफलतापूर्वक पुष्टि गरिएको छ। अनुमानित डेलिभरी मिति 2000-02-09 हो।,Safe,NP,chatgpt
तपाईंको भुक्तानी सफलतापूर्वक प्राप्त भयो। रसिद संलग्न गरिएको छ।,Safe,NP,chatgpt
सेवा सुधारका लागि नयाँ नीति लागू गरिएको छ। विवरण संलग्न गरिएको छ।,Safe,NP,chatgpt
तपाईंको पार्सल वितरण प्रक्रियामा छ। कृपया प्रतीक्षा गर्नुहोस्।,Safe,NP,chatgpt
तपाईंको टिकट सफलतापूर्वक बुक गरिएको छ। यात्रा विवरण पछि पठाइनेछ।,Safe,NP,chatgpt
तपाईंको खाता अस्थायी रूपमा बन्द गरिएको छ। पुनः सक्रिय गर्न https://delivery-check-now.org खोल्नुहोस्।,Phishing,NP,chatgpt
तपाईंको पासवर्ड सफलतापूर्वक परिवर्तन गरिएको छ। कुनै कार्य आवश्यक छैन।,Safe,NP,chatgpt
हामीसँगको सहकार्यका लागि धन्यवाद। आगामी कार्यक्रममा भेटौंला।,Safe,NP,chatgpt
तपाईंको पासवर्ड सफलतापूर्वक परिवर्तन गरिएको छ। कुनै कार्य आवश्यक छैन।,Safe,NP,chatgpt
तपाईंको पार्सल वितरण प्रक्रियामा छ। कृपया प्रतीक्षा गर्नुहोस्।,Safe,NP,chatgpt
असामान्य लगइन प्रयास भेटिएको छ। आफ्नो खाता सुरक्षित गर्न https://verify-nepal-secure.com प्रयोग गर्नुहोस्।,Phishing,NP,chatgpt
हामीसँगको सहकार्यका लागि धन्यवाद। आगामी कार्यक्रममा भेटौंला।,Safe,NP,chatgpt
तपाईंको मोबाइल बैंकिङ सेवा निलम्बन हुन लागेको छ। https://verify-nepal-secure.com मा गएर पहिचान पुष्टि गर्नुहोस्।,Phishing,NP,chatgpt
तपाईंको सामाजिक सञ्जाल खाता हटाइने अवस्थामा छ। बचाउन https://verify-nepal-secure.com मा लगइन गर्नुहोस्।,Phishing,NP,chatgpt
तपाईंको खाता अस्थायी रूपमा बन्द गरिएको छ। पुनः सक्रिय गर्न https://verify-nepal-secure.com खोल्नुहोस्।,Phishing,NP,chatgpt
भोलिको बैठक 08:36:51 बजेका लागि तय गरिएको छ। कृपया समयमै सहभागी हुनुहोस्।,Safe,NP,chatgpt
तपाईंको अर्डर #26545 सफलतापूर्वक पुष्टि गरिएको छ। अनुमानित डेलिभरी मिति 2004-09-08 हो।,Safe,NP,chatgpt
तपाईंको सामाजिक सञ्जाल खाता हटाइने अवस्थामा छ। बचाउन https://fakebank-update.net मा लगइन गर्नुहोस्।,Phishing,NP,chatgpt
तपाईंले लटरी जित्नुभएको छ। पुरस्कार दाबी गर्न https://delivery-check-now.org मा जानुहोस्।,Phishing,NP,chatgpt
तपाईंको मोबाइल बैंकिङ सेवा निलम्बन हुन लागेको छ। [लिङ्क] मा गएर पहिचान पुष्टि गर्नुहोस्।,Phishing,NP,chatgpt
तपाईंको पार्सल रोकिएको छ। डेलिभरी शुल्क तिर्न https://fakebank-update.net मा जानुहोस्।,Phishing,NP,chatgpt
तपाईंको पासवर्ड सफलतापूर्वक परिवर्तन गरिएको छ। कुनै कार्य आवश्यक छैन।,Safe,NP,chatgpt
भुक्तानी असफल भएको कारण तपाईंको सेवा रोकिएको छ। https://fakebank-update.net मा कार्ड विवरण अद्यावधिक गर्नुहोस्।,Phishing,NP,chatgpt
तपाईंको भुक्तानी सफलतापूर्वक प्राप्त भयो। रसिद संलग्न गरिएको छ।,Safe,NP,chatgpt
असामान्य लगइन प्रयास भेटिएको छ। आफ्नो खाता सुरक्षित गर्न https://fakebank-update.net प्रयोग गर्नुहोस्।,Phishing,NP,chatgpt
तपाईंको मोबाइल बैंकिङ सेवा निलम्बन हुन लागेको छ। https://verify-nepal-secure.com मा गएर पहिचान पुष्टि गर्नुहोस्।,Phishing,NP,chatgpt
तपाईंको सामाजिक सञ्जाल खाता हटाइने अवस्थामा छ। बचाउन https://fakebank-update.net मा लगइन गर्नुहोस्।,Phishing,NP,chatgpt
तपाईंको मोबाइल बैंकिङ सेवा निलम्बन हुन लागेको छ। https://नक्कली-लिङ्क.कम मा गएर पहिचान पुष्टि गर्नुहोस्।,Phishing,NP,chatgpt
तपाईंको अर्डर #56210 सफलतापूर्वक पुष्टि गरिएको छ। अनुमानित डेलिभरी मिति 2014-11-09 हो।,Safe,NP,chatgpt
तपाईंको पार्सल वितरण प्रक्रियामा छ। कृपया प्रतीक्षा गर्नुहोस्।,Safe,NP,chatgpt
तपाईंको खाता अस्थायी रूपमा बन्द गरिएको छ। पुनः सक्रिय गर्न https://नक्कली-लिङ्क.कम खोल्नुहोस्।,Phishing,NP,chatgpt
भुक्तानी असफल भएको कारण तपाईंको सेवा रोकिएको छ। https://verify-nepal-secure.com मा कार्ड विवरण अद्यावधिक गर्नुहोस्।,Phishing,NP,chatgpt
भोलिको बैठक 10:04:23 बजेका लागि तय गरिएको छ। कृपया समयमै सहभागी हुनुहोस्।,Safe,NP,chatgpt
हाम्रो मासिक समाचारपत्र पढ्नुभएकोमा धन्यवाद।,Safe,NP,chatgpt
तपाईंको मोबाइल बैंकिङ सेवा निलम्बन हुन लागेको छ। [लिङ्क] मा गएर पहिचान पुष्टि गर्नुहोस्।,Phishing,NP,chatgpt
भुक्तानी असफल भएको कारण तपाईंको सेवा रोकिएको छ। https://fakebank-update.net मा कार्ड विवरण अद्यावधिक गर्नुहोस्।,Phishing,NP,chatgpt
हाम्रो मासिक समाचारपत्र पढ्नुभएकोमा धन्यवाद।,Safe,NP,chatgpt
तपाईंको सामाजिक सञ्जाल खाता हटाइने अवस्थामा छ। बचाउन https://delivery-check-now.org मा लगइन गर्नुहोस्।,Phishing,NP,chatgpt
हामीसँगको सहकार्यका लागि धन्यवाद। आगामी कार्यक्रममा भेटौंला।,Safe,NP,chatgpt
तपाईंले लटरी जित्नुभएको छ। पुरस्कार दाबी गर्न [लिङ्क] मा जानुहोस्।,Phishing,NP,chatgpt
तपाईंको इमेलमा सुरक्षा समस्या पत्ता लागेको छ। तुरुन्त [लिङ्क] मा प्रमाणीकरण गर्नुहोस्।,Phishing,NP,chatgpt
तपाईंको खाता अस्थायी रूपमा बन्द गरिएको छ। पुनः सक्रिय गर्न https://verify-nepal-secure.com खोल्नुहोस्।,Phishing,NP,chatgpt
तपाईंको पार्सल वितरण प्रक्रियामा छ। कृपया प्रतीक्षा गर्नुहोस्।,Safe,NP,chatgpt
तपाईंले लटरी जित्नुभएको छ। पुरस्कार दाबी गर्न https://नक्कली-लिङ्क.कम मा जानुहोस्।,Phishing,NP,chatgpt
तपाईंको पासवर्ड सफलतापूर्वक परिवर्तन गरिएको छ। कुनै कार्य आवश्यक छैन।,Safe,NP,chatgpt
तपाईंको अर्डर #50492 सफलतापूर्वक पुष्टि गरिएको छ। अनुमानित डेलिभरी मिति 1980-12-03 हो।,Safe,NP,chatgpt
तपाईंको पार्सल वितरण प्रक्रियामा छ। कृपया प्रतीक्षा गर्नुहोस्।,Safe,NP,chatgpt
तपाईंको पासवर्ड सफलतापूर्वक परिवर्तन गरिएको छ। कुनै कार्य आवश्यक छैन।,Safe,NP,chatgpt
तपाईंको पार्सल रोकिएको छ। डेलिभरी शुल्क तिर्न [लिङ्क] मा जानुहोस्।,Phishing,NP,chatgpt
तपाईंको भुक्तानी सफलतापूर्वक प्राप्त भयो। रसिद संलग्न गरिएको छ।,Safe,NP,chatgpt
तपाईंको सामाजिक सञ्जाल खाता हटाइने अवस्थामा छ। बचाउन https://नक्कली-लिङ्क.कम मा लगइन गर्नुहोस्।,Phishing,NP,chatgpt
हामीसँगको सहकार्यका लागि धन्यवाद। आगामी कार्यक्रममा भेटौंला।,Safe,NP,chatgpt
तपाईंको भुक्तानी सफलतापूर्वक प्राप्त भयो। रसिद संलग्न गरिएको छ।,Safe,NP,chatgpt
तपाईंको खाता अस्थायी रूपमा बन्द गरिएको छ। पुनः सक्रिय गर्न https://नक्कली-लिङ्क.कम खोल्नुहोस्।,Phishing,NP,chatgpt
सरकारी कर फिर्ता प्राप्त गर्न अहिले https://fakebank-update.net मा आफ्नो विवरण अपडेट गर्नुहोस्।,Phishing,NP,chatgpt
तपाईंको भुक्तानी सफलतापूर्वक प्राप्त भयो। रसिद संलग्न गरिएको छ।,Safe,NP,chatgpt
तपाईंले लटरी जित्नुभएको छ। पुरस्कार दाबी गर्न https://delivery-check-now.org मा जानुहोस्।,Phishing,NP,chatgpt
तपाईंको सदस्यता सफलतापूर्वक नवीकरण गरिएको छ। धन्यवाद।,Safe,NP,chatgpt
तपाईंको भुक्तानी सफलतापूर्वक प्राप्त भयो। रसिद संलग्न गरिएको छ।,Safe,NP,chatgpt
हाम्रो मासिक समाचारपत्र पढ्नुभएकोमा धन्यवाद।,Safe,NP,chatgpt
तपाईंको मोबाइल बैंकिङ सेवा निलम्बन हुन लागेको छ। https://verify-nepal-secure.com मा गएर पहिचान पुष्टि गर्नुहोस्।,Phishing,NP,chatgpt
असामान्य लगइन प्रयास भेटिएको छ। आफ्नो खाता सुरक्षित गर्न https://verify-nepal-secure.com प्रयोग गर्नुहोस्।,Phishing,NP,chatgpt
तपाईंको अर्डर #89310 सफलतापूर्वक पुष्टि गरिएको छ। अनुमानित डेलिभरी मिति 2019-06-06 हो।,Safe,NP,chatgpt
भुक्तानी असफल भएको कारण तपाईंको सेवा रोकिएको छ। https://fakebank-update.net मा कार्ड विवरण अद्यावधिक गर्नुहोस्।,Phishing,NP,chatgpt
तपाईंको बैंक खातामा शंकास्पद गतिविधि भेटियो। तुरुन्त [लिङ्क] मा गएर प्रमाणित गर्नुहोस्।,Phishing,NP,chatgpt
तपाईंको भुक्तानी सफलतापूर्वक प्राप्त भयो। रसिद संलग्न गरिएको छ।,Safe,NP,chatgpt
तपाईंको टिकट सफलतापूर्वक बुक गरिएको छ। यात्रा विवरण पछि पठाइनेछ।,Safe,NP,chatgpt
भोलिको बैठक 06:24:11 बजेका लागि तय गरिएको छ। कृपया समयमै सहभागी हुनुहोस्।,Safe,NP,chatgpt
तपाईंको भुक्तानी सफलतापूर्वक प्राप्त भयो। रसिद संलग्न गरिएको छ।,Safe,NP,chatgpt
तपाईंको मोबाइल बैंकिङ सेवा निलम्बन हुन लागेको छ। https://fakebank-update.net मा गएर पहिचान पुष्टि गर्नुहोस्।,Phishing,NP,chatgpt
हामीसँगको सहकार्यका लागि धन्यवाद। आगामी कार्यक्रममा भेटौंला।,Safe,NP,chatgpt
तपाईंको पासवर्ड सफलतापूर्वक परिवर्तन गरिएको छ। कुनै कार्य आवश्यक छैन।,Safe,NP,chatgpt
तपाईंको बैंक खातामा शंकास्पद गतिविधि भेटियो। तुरुन्त [लिङ्क] मा गएर प्रमाणित गर्नुहोस्।,Phishing,NP,chatgpt
तपाईंको भुक्तानी सफलतापूर्वक प्राप्त भयो। रसिद संलग्न गरिएको छ।,Safe,NP,chatgpt
तपाईंको खाता अस्थायी रूपमा बन्द गरिएको छ। पुनः सक्रिय गर्न https://verify-nepal-secure.com खोल्नुहोस्।,Phishing,NP,chatgpt
भोलिको बैठक 23:36:37 बजेका लागि तय गरिएको छ। कृपया समयमै सहभागी हुनुहोस्।,Safe,NP,chatgpt
तपाईंको टिकट सफलतापूर्वक बुक गरिएको छ। यात्रा विवरण पछि पठाइनेछ।,Safe,NP,chatgpt
तपाईंको टिकट सफलतापूर्वक बुक गरिएको छ। यात्रा विवरण पछि पठाइनेछ।,Safe,NP,chatgpt
तपाईंको मोबाइल बैंकिङ सेवा निलम्बन हुन लागेको छ। https://delivery-check-now.org मा गएर पहिचान पुष्टि गर्नुहोस्।,Phishing,NP,chatgpt
तपाईंको पासवर्ड सफलतापूर्वक परिवर्तन गरिएको छ। कुनै कार्य आवश्यक छैन।,Safe,NP,chatgpt
तपाईंको भुक्तानी सफलतापूर्वक प्राप्त भयो। रसिद संलग्न गरिएको छ।,Safe,NP,chatgpt
तपाईंको खाता अस्थायी रूपमा बन्द गरिएको छ। पुनः सक्रिय गर्न https://नक्कली-लिङ्क.कम खोल्नुहोस्।,Phishing,NP,chatgpt
सरकारी कर फिर्ता प्राप्त गर्न अहिले [लिङ्क] मा आफ्नो विवरण अपडेट गर्नुहोस्।,Phishing,NP,chatgpt
तपाईंको भुक्तानी सफलतापूर्वक प्राप्त भयो। रसिद संलग्न गरिएको छ।,Safe,NP,chatgpt
तपाईंको सदस्यता सफलतापूर्वक नवीकरण गरिएको छ। धन्यवाद।,Safe,NP,chatgpt
तपाईंको भुक्तानी सफलतापूर्वक प्राप्त भयो। रसिद संलग्न गरिएको छ।,Safe,NP,chatgpt
तपाईंको भुक्तानी सफलतापूर्वक प्राप्त भयो। रसिद संलग्न गरिएको छ।,Safe,NP,chatgpt
असामान्य लगइन प्रयास भेटिएको छ। आफ्नो खाता सुरक्षित गर्न https://delivery-check-now.org प्रयोग गर्नुहोस्।,Phishing,NP,chatgpt
तपाईंको पार्सल रोकिएको छ। डेलिभरी शुल्क तिर्न [लिङ्क] मा जानुहोस्।,Phishing,NP,chatgpt
तपाईंको टिकट सफलतापूर्वक बुक गरिएको छ। यात्रा विवरण पछि पठाइनेछ।,Safe,NP,chatgpt
तपाईंको अर्डर #24371 सफलतापूर्वक पुष्टि गरिएको छ। अनुमानित डेलिभरी मिति 1983-07-01 हो।,Safe,NP,chatgpt
तपाईंको भुक्तानी सफलतापूर्वक प्राप्त भयो। रसिद संलग्न गरिएको छ।,Safe,NP,chatgpt
तपाईंको बैंक खातामा शंकास्पद गतिविधि भेटियो। तुरुन्त https://verify-nepal-secure.com मा गएर प्रमाणित गर्नुहोस्।,Phishing,NP,chatgpt
तपाईंको बैंक खातामा शंकास्पद गतिविधि भेटियो। तुरुन्त https://fakebank-update.net मा गएर प्रमाणित गर्नुहोस्।,Phishing,NP,chatgpt
तपाईंको पासवर्ड सफलतापूर्वक परिवर्तन गरिएको छ। कुनै कार्य आवश्यक छैन।,Safe,NP,chatgpt
भोलिको बैठक 10:53:30 बजेका लागि तय गरिएको छ। कृपया समयमै सहभागी हुनुहोस्।,Safe,NP,chatgpt
तपाईंको टिकट सफलतापूर्वक बुक गरिएको छ। यात्रा विवरण पछि पठाइनेछ।,Safe,NP,chatgpt
सेवा सुधारका लागि नयाँ नीति लागू गरिएको छ। विवरण संलग्न गरिएको छ।,Safe,NP,chatgpt
तपाईंको खाता अस्थायी रूपमा बन्द गरिएको छ। पुनः सक्रिय गर्न https://verify-nepal-secure.com खोल्नुहोस्।,Phishing,NP,chatgpt
असामान्य लगइन प्रयास भेटिएको छ। आफ्नो खाता सुरक्षित गर्न https://verify-nepal-secure.com प्रयोग गर्नुहोस्।,Phishing,NP,chatgpt
तपाईंको मोबाइल बैंकिङ सेवा निलम्बन हुन लागेको छ। https://नक्कली-लिङ्क.कम मा गएर पहिचान पुष्टि गर्नुहोस्।,Phishing,NP,chatgpt
तपाईंको भुक्तानी सफलतापूर्वक प्राप्त भयो। रसिद संलग्न गरिएको छ।,Safe,NP,chatgpt
हाम्रो मासिक समाचारपत्र पढ्नुभएकोमा धन्यवाद।,Safe,NP,chatgpt
तपाईंको सामाजिक सञ्जाल खाता हटाइने अवस्थामा छ। बचाउन https://verify-nepal-secure.com मा लगइन गर्नुहोस्।,Phishing,NP,chatgpt
तपाईंको पासवर्ड सफलतापूर्वक परिवर्तन गरिएको छ। कुनै कार्य आवश्यक छैन।,Safe,NP,chatgpt
तपाईंको खाता अस्थायी रूपमा बन्द गरिएको छ। पुनः सक्रिय गर्न https://fakebank-update.net खोल्नुहोस्।,Phishing,NP,chatgpt
भुक्तानी असफल भएको कारण तपाईंको सेवा रोकिएको छ। https://verify-nepal-secure.com मा कार्ड विवरण अद्यावधिक गर्नुहोस्।,Phishing,NP,chatgpt
भुक्तानी असफल भएको कारण तपाईंको सेवा रोकिएको छ। https://verify-nepal-secure.com मा कार्ड विवरण अद्यावधिक गर्नुहोस्।,Phishing,NP,chatgpt
भुक्तानी असफल भएको कारण तपाईंको सेवा रोकिएको छ। https://delivery-check-now.org मा कार्ड विवरण अद्यावधिक गर्नुहोस्।,Phishing,NP,chatgpt
हामीसँगको सहकार्यका लागि धन्यवाद। आगामी कार्यक्रममा भेटौंला।,Safe,NP,chatgpt
तपाईंको सामाजिक सञ्जाल खाता हटाइने अवस्थामा छ। बचाउन https://नक्कली-लिङ्क.कम मा लगइन गर्नुहोस्।,Phishing,NP,chatgpt
भुक्तानी असफल भएको कारण तपाईंको सेवा रोकिएको छ। https://नक्कली-लिङ्क.कम मा कार्ड विवरण अद्यावधिक गर्नुहोस्।,Phishing,NP,chatgpt
तपाईंको मोबाइल बैंकिङ सेवा निलम्बन हुन लागेको छ। https://verify-nepal-secure.com मा गएर पहिचान पुष्टि गर्नुहोस्।,Phishing,NP,chatgpt
सरकारी कर फिर्ता प्राप्त गर्न अहिले https://verify-nepal-secure.com मा आफ्नो विवरण अपडेट गर्नुहोस्।,Phishing,NP,chatgpt
असामान्य लगइन प्रयास भेटिएको छ। आफ्नो खाता सुरक्षित गर्न https://fakebank-update.net प्रयोग गर्नुहोस्।,Phishing,NP,chatgpt
तपाईंले लटरी जित्नुभएको छ। पुरस्कार दाबी गर्न https://fakebank-update.net मा जानुहोस्।,Phishing,NP,chatgpt
असामान्य लगइन प्रयास भेटिएको छ। आफ्नो खाता सुरक्षित गर्न https://delivery-check-now.org प्रयोग गर्नुहोस्।,Phishing,NP,chatgpt
तपाईंले लटरी जित्नुभएको छ। पुरस्कार दाबी गर्न https://delivery-check-now.org मा जानुहोस्।,Phishing,NP,chatgpt
सेवा सुधारका लागि नयाँ नीति लागू गरिएको छ। विवरण संलग्न गरिएको छ।,Safe,NP,chatgpt
तपाईंको पासवर्ड सफलतापूर्वक परिवर्तन गरिएको छ। कुनै कार्य आवश्यक छैन।,Safe,NP,chatgpt
तपाईंको पार्सल वितरण प्रक्रियामा छ। कृपया प्रतीक्षा गर्नुहोस्।,Safe,NP,chatgpt
तपाईंको बैंक खातामा शंकास्पद गतिविधि भेटियो। तुरुन्त https://verify-nepal-secure.com मा गएर प्रमाणित गर्नुहोस्।,Phishing,NP,chatgpt
तपाईंको खाता अस्थायी रूपमा बन्द गरिएको छ। पुनः सक्रिय गर्न https://verify-nepal-secure.com खोल्नुहोस्।,Phishing,NP,chatgpt
सरकारी कर फिर्ता प्राप्त गर्न अहिले https://verify-nepal-secure.com मा आफ्नो विवरण अपडेट गर्नुहोस्।,Phishing,NP,chatgpt
तपाईंको खाता अस्थायी रूपमा बन्द गरिएको छ। पुनः सक्रिय गर्न [लिङ्क] खोल्नुहोस्।,Phishing,NP,chatgpt
तपाईंको मोबाइल बैंकिङ सेवा निलम्बन हुन लागेको छ। https://fakebank-update.net मा गएर पहिचान पुष्टि गर्नुहोस्।,Phishing,NP,chatgpt
सेवा सुधारका लागि नयाँ नीति लागू गरिएको छ। विवरण संलग्न गरिएको छ।,Safe,NP,chatgpt
हाम्रो मासिक समाचारपत्र पढ्नुभएकोमा धन्यवाद।,Safe,NP,chatgpt
तपाईंको टिकट सफलतापूर्वक बुक गरिएको छ। यात्रा विवरण पछि पठाइनेछ।,Safe,NP,chatgpt
तपाईंको अर्डर #78146 सफलतापूर्वक पुष्टि गरिएको छ। अनुमानित डेलिभरी मिति 2003-08-02 हो।,Safe,NP,chatgpt
भोलिको बैठक 05:10:30 बजेका लागि तय गरिएको छ। कृपया समयमै सहभागी हुनुहोस्।,Safe,NP,chatgpt
असामान्य लगइन प्रयास भेटिएको छ। आफ्नो खाता सुरक्षित गर्न https://fakebank-update.net प्रयोग गर्नुहोस्।,Phishing,NP,chatgpt
तपाईंको मोबाइल बैंकिङ सेवा निलम्बन हुन लागेको छ। https://delivery-check-now.org मा गएर पहिचान पुष्टि गर्नुहोस्।,Phishing,NP,chatgpt
सेवा सुधारका लागि नयाँ नीति लागू गरिएको छ। विवरण संलग्न गरिएको छ।,Safe,NP,chatgpt
सेवा सुधारका लागि नयाँ नीति लागू गरिएको छ। विवरण संलग्न गरिएको छ।,Safe,NP,chatgpt
तपाईंको सामाजिक सञ्जाल खाता हटाइने अवस्थामा छ। बचाउन https://verify-nepal-secure.com मा लगइन गर्नुहोस्।,Phishing,NP,chatgpt
तपाईंको सामाजिक सञ्जाल खाता हटाइने अवस्थामा छ। बचाउन [लिङ्क] मा लगइन गर्नुहोस्।,Phishing,NP,chatgpt
तपाईंको बैंक खातामा शंकास्पद गतिविधि भेटियो। तुरुन्त https://नक्कली-लिङ्क.कम मा गएर प्रमाणित गर्नुहोस्।,Phishing,NP,chatgpt
तपाईंको सामाजिक सञ्जाल खाता हटाइने अवस्थामा छ। बचाउन https://delivery-check-now.org मा लगइन गर्नुहोस्।,Phishing,NP,chatgpt
तपाईंको खाता अस्थायी रूपमा बन्द गरिएको छ। पुनः सक्रिय गर्न https://delivery-check-now.org खोल्नुहोस्।,Phishing,NP,chatgpt
तपाईंको खाता अस्थायी रूपमा बन्द गरिएको छ। पुनः सक्रिय गर्न https://नक्कली-लिङ्क.कम खोल्नुहोस्।,Phishing,NP,chatgpt
असामान्य लगइन प्रयास भेटिएको छ। आफ्नो खाता सुरक्षित गर्न https://verify-nepal-secure.com प्रयोग गर्नुहोस्।,Phishing,NP,chatgpt
हाम्रो मासिक समाचारपत्र पढ्नुभएकोमा धन्यवाद।,Safe,NP,chatgpt
तपाईंको मोबाइल बैंकिङ सेवा निलम्बन हुन लागेको छ। https://fakebank-update.net मा गएर पहिचान पुष्टि गर्नुहोस्।,Phishing,NP,chatgpt
भुक्तानी असफल भएको कारण तपाईंको सेवा रोकिएको छ। https://verify-nepal-secure.com मा कार्ड विवरण अद्यावधिक गर्नुहोस्।,Phishing,NP,chatgpt
तपाईंको बैंक खातामा शंकास्पद गतिविधि भेटियो। तुरुन्त https://delivery-check-now.org मा गएर प्रमाणित गर्नुहोस्।,Phishing,NP,chatgpt
तपाईंको अर्डर #44522 सफलतापूर्वक पुष्टि गरिएको छ। अनुमानित डेलिभरी मिति 2004-04-22 हो।,Safe,NP,chatgpt
सरकारी कर फिर्ता प्राप्त गर्न अहिले [लिङ्क] मा आफ्नो विवरण अपडेट गर्नुहोस्।,Phishing,NP,chatgpt
तपाईंको इमेलमा सुरक्षा समस्या पत्ता लागेको छ। तुरुन्त https://नक्कली-लिङ्क.कम मा प्रमाणीकरण गर्नुहोस्।,Phishing,NP,chatgpt
असामान्य लगइन प्रयास भेटिएको छ। आफ्नो खाता सुरक्षित गर्न https://fakebank-update.net प्रयोग गर्नुहोस्।,Phishing,NP,chatgpt
तपाईंको खाता अस्थायी रूपमा बन्द गरिएको छ। पुनः सक्रिय गर्न https://delivery-check-now.org खोल्नुहोस्।,Phishing,NP,chatgpt
सरकारी कर फिर्ता प्राप्त गर्न अहिले https://नक्कली-लिङ्क.कम मा आफ्नो विवरण अपडेट गर्नुहोस्।,Phishing,NP,chatgpt
सरकारी कर फिर्ता प्राप्त गर्न अहिले https://नक्कली-लिङ्क.कम मा आफ्नो विवरण अपडेट गर्नुहोस्।,Phishing,NP,chatgpt
भोलिको बैठक 17:14:17 बजेका लागि तय गरिएको छ। कृपया समयमै सहभागी हुनुहोस्।,Safe,NP,chatgpt
तपाईंको सामाजिक सञ्जाल खाता हटाइने अवस्थामा छ। बचाउन https://verify-nepal-secure.com मा लगइन गर्नुहोस्।,Phishing,NP,chatgpt
भोलिको बैठक 21:57:49 बजेका लागि तय गरिएको छ। कृपया समयमै सहभागी हुनुहोस्।,Safe,NP,chatgpt
असामान्य लगइन प्रयास भेटिएको छ। आफ्नो खाता सुरक्षित गर्न https://fakebank-update.net प्रयोग गर्नुहोस्।,Phishing,NP,chatgpt
तपाईंको टिकट सफलतापूर्वक बुक गरिएको छ। यात्रा विवरण पछि पठाइनेछ।,Safe,NP,chatgpt
तपाईंको पासवर्ड सफलतापूर्वक परिवर्तन गरिएको छ। कुनै कार्य आवश्यक छैन।,Safe,NP,chatgpt
हामीसँगको सहकार्यका लागि धन्यवाद। आगामी कार्यक्रममा भेटौंला।,Safe,NP,chatgpt
तपाईंको बैंक खातामा शंकास्पद गतिविधि भेटियो। तुरुन्त https://fakebank-update.net मा गएर प्रमाणित गर्नुहोस्।,Phishing,NP,chatgpt
भोलिको बैठक 23:36:06 बजेका लागि तय गरिएको छ। कृपया समयमै सहभागी हुनुहोस्।,Safe,NP,chatgpt
तपाईंको पासवर्ड सफलतापूर्वक परिवर्तन गरिएको छ। कुनै कार्य आवश्यक छैन।,Safe,NP,chatgpt
भुक्तानी असफल भएको कारण तपाईंको सेवा रोकिएको छ। https://verify-nepal-secure.com मा कार्ड विवरण अद्यावधिक गर्नुहोस्।,Phishing,NP,chatgpt
सेवा सुधारका लागि नयाँ नीति लागू गरिएको छ। विवरण संलग्न गरिएको छ।,Safe,NP,chatgpt
भोलिको बैठक 08:46:25 बजेका लागि तय गरिएको छ। कृपया समयमै सहभागी हुनुहोस्।,Safe,NP,chatgpt
तपाईंको पार्सल रोकिएको छ। डेलिभरी शुल्क तिर्न https://fakebank-update.net मा जानुहोस्।,Phishing,NP,chatgpt
तपाईंको इमेलमा सुरक्षा समस्या पत्ता लागेको छ। तुरुन्त https://नक्कली-लिङ्क.कम मा प्रमाणीकरण गर्नुहोस्।,Phishing,NP,chatgpt
तपाईंको भुक्तानी सफलतापूर्वक प्राप्त भयो। रसिद संलग्न गरिएको छ।,Safe,NP,chatgpt
तपाईंको बैंक खातामा शंकास्पद गतिविधि भेटियो। तुरुन्त [लिङ्क] मा गएर प्रमाणित गर्नुहोस्।,Phishing,NP,chatgpt
सरकारी कर फिर्ता प्राप्त गर्न अहिले https://verify-nepal-secure.com मा आफ्नो विवरण अपडेट गर्नुहोस्।,Phishing,NP,chatgpt
तपाईंको पासवर्ड सफलतापूर्वक परिवर्तन गरिएको छ। कुनै कार्य आवश्यक छैन।,Safe,NP,chatgpt
असामान्य लगइन प्रयास भेटिएको छ। आफ्नो खाता सुरक्षित गर्न https://fakebank-update.net प्रयोग गर्नुहोस्।,Phishing,NP,chatgpt
तपाईंको अर्डर #28714 सफलतापूर्वक पुष्टि गरिएको छ। अनुमानित डेलिभरी मिति 2008-11-13 हो।,Safe,NP,chatgpt
तपाईंले लटरी जित्नुभएको छ। पुरस्कार दाबी गर्न https://verify-nepal-secure.com मा जानुहोस्।,Phishing,NP,chatgpt
तपाईंको अर्डर #70260 सफलतापूर्वक पुष्टि गरिएको छ। अनुमानित डेलिभरी मिति 1985-02-14 हो।,Safe,NP,chatgpt
तपाईंको पार्सल वितरण प्रक्रियामा छ। कृपया प्रतीक्षा गर्नुहोस्।,Safe,NP,chatgpt
तपाईंको सदस्यता सफलतापूर्वक नवीकरण गरिएको छ। धन्यवाद।,Safe,NP,chatgpt
भोलिको बैठक 16:48:41 बजेका लागि तय गरिएको छ। कृपया समयमै सहभागी हुनुहोस्।,Safe,NP,chatgpt
तपाईंको भुक्तानी सफलतापूर्वक प्राप्त भयो। रसिद संलग्न गरिएको छ।,Safe,NP,chatgpt
तपाईंको पार्सल रोकिएको छ। डेलिभरी शुल्क तिर्न https://fakebank-update.net मा जानुहोस्।,Phishing,NP,chatgpt
असामान्य लगइन प्रयास भेटिएको छ। आफ्नो खाता सुरक्षित गर्न https://delivery-check-now.org प्रयोग गर्नुहोस्।,Phishing,NP,chatgpt
तपाईंको पार्सल वितरण प्रक्रियामा छ। कृपया प्रतीक्षा गर्नुहोस्।,Safe,NP,chatgpt
तपाईंको खाता अस्थायी रूपमा बन्द गरिएको छ। पुनः सक्रिय गर्न https://fakebank-update.net खोल्नुहोस्।,Phishing,NP,chatgpt
हाम्रो मासिक समाचारपत्र पढ्नुभएकोमा धन्यवाद।,Safe,NP,chatgpt
तपाईंको सामाजिक सञ्जाल खाता हटाइने अवस्थामा छ। बचाउन https://नक्कली-लिङ्क.कम मा लगइन गर्नुहोस्।,Phishing,NP,chatgpt
तपाईंको पार्सल वितरण प्रक्रियामा छ। कृपया प्रतीक्षा गर्नुहोस्।,Safe,NP,chatgpt
तपाईंको अर्डर #22196 सफलतापूर्वक पुष्टि गरिएको छ। अनुमानित डेलिभरी मिति 1981-08-31 हो।,Safe,NP,chatgpt
तपाईंको भुक्तानी सफलतापूर्वक प्राप्त भयो। रसिद संलग्न गरिएको छ।,Safe,NP,chatgpt
तपाईंको सदस्यता सफलतापूर्वक नवीकरण गरिएको छ। धन्यवाद।,Safe,NP,chatgpt
तपाईंले लटरी जित्नुभएको छ। पुरस्कार दाबी गर्न https://verify-nepal-secure.com मा जानुहोस्।,Phishing,NP,chatgpt
तपाईंको सदस्यता सफलतापूर्वक नवीकरण गरिएको छ। धन्यवाद।,Safe,NP,chatgpt
तपाईंको भुक्तानी सफलतापूर्वक प्राप्त भयो। रसिद संलग्न गरिएको छ।,Safe,NP,chatgpt
असामान्य लगइन प्रयास भेटिएको छ। आफ्नो खाता सुरक्षित गर्न https://delivery-check-now.org प्रयोग गर्नुहोस्।,Phishing,NP,chatgpt
तपाईंको इमेलमा सुरक्षा समस्या पत्ता लागेको छ। तुरुन्त https://नक्कली-लिङ्क.कम मा प्रमाणीकरण गर्नुहोस्।,Phishing,NP,chatgpt
तपाईंको टिकट सफलतापूर्वक बुक गरिएको छ। यात्रा विवरण पछि पठाइनेछ।,Safe,NP,chatgpt
असामान्य लगइन प्रयास भेटिएको छ। आफ्नो खाता सुरक्षित गर्न https://fakebank-update.net प्रयोग गर्नुहोस्।,Phishing,NP,chatgpt
तपाईंले लटरी जित्नुभएको छ। पुरस्कार दाबी गर्न https://नक्कली-लिङ्क.कम मा जानुहोस्।,Phishing,NP,chatgpt
असामान्य लगइन प्रयास भेटिएको छ। आफ्नो खाता सुरक्षित गर्न [लिङ्क] प्रयोग गर्नुहोस्।,Phishing,NP,chatgpt
असामान्य लगइन प्रयास भेटिएको छ। आफ्नो खाता सुरक्षित गर्न [लिङ्क] प्रयोग गर्नुहोस्।,Phishing,NP,chatgpt
तपाईंको सदस्यता सफलतापूर्वक नवीकरण गरिएको छ। धन्यवाद।,Safe,NP,chatgpt
तपाईंको अर्डर #26547 सफलतापूर्वक पुष्टि गरिएको छ। अनुमानित डेलिभरी मिति 2017-08-10 हो।,Safe,NP,chatgpt
तपाईंको भुक्तानी सफलतापूर्वक प्राप्त भयो। रसिद संलग्न गरिएको छ।,Safe,NP,chatgpt
तपाईंको टिकट सफलतापूर्वक बुक गरिएको छ। यात्रा विवरण पछि पठाइनेछ।,Safe,NP,chatgpt
तपाईंको मोबाइल बैंकिङ सेवा निलम्बन हुन लागेको छ। [लिङ्क] मा गएर पहिचान पुष्टि गर्नुहोस्।,Phishing,NP,chatgpt
सेवा सुधारका लागि नयाँ नीति लागू गरिएको छ। विवरण संलग्न गरिएको छ।,Safe,NP,chatgpt
हाम्रो मासिक समाचारपत्र पढ्नुभएकोमा धन्यवाद।,Safe,NP,chatgpt
सेवा सुधारका लागि नयाँ नीति लागू गरिएको छ। विवरण संलग्न गरिएको छ।,Safe,NP,chatgpt
तपाईंको खाता अस्थायी रूपमा बन्द गरिएको छ। पुनः सक्रिय गर्न https://delivery-check-now.org खोल्नुहोस्।,Phishing,NP,chatgpt
तपाईंको सामाजिक सञ्जाल खाता हटाइने अवस्थामा छ। बचाउन https://नक्कली-लिङ्क.कम मा लगइन गर्नुहोस्।,Phishing,NP,chatgpt
सेवा सुधारका लागि नयाँ नीति लागू गरिएको छ। विवरण संलग्न गरिएको छ।,Safe,NP,chatgpt
तपाईंको सामाजिक सञ्जाल खाता हटाइने अवस्थामा छ। बचाउन https://fakebank-update.net मा लगइन गर्नुहोस्।,Phishing,NP,chatgpt
तपाईंको सदस्यता सफलतापूर्वक नवीकरण गरिएको छ। धन्यवाद।,Safe,NP,chatgpt
सेवा सुधारका लागि नयाँ नीति लागू गरिएको छ। विवरण संलग्न गरिएको छ।,Safe,NP,chatgpt
तपाईंको सामाजिक सञ्जाल खाता हटाइने अवस्थामा छ। बचाउन https://delivery-check-now.org मा लगइन गर्नुहोस्।,Phishing,NP,chatgpt
तपाईंको पासवर्ड सफलतापूर्वक परिवर्तन गरिएको छ। कुनै कार्य आवश्यक छैन।,Safe,NP,chatgpt
हामीसँगको सहकार्यका लागि धन्यवाद। आगामी कार्यक्रममा भेटौंला।,Safe,NP,chatgpt
हाम्रो मासिक समाचारपत्र पढ्नुभएकोमा धन्यवाद।,Safe,NP,chatgpt
सेवा सुधारका लागि नयाँ नीति लागू गरिएको छ। विवरण संलग्न गरिएको छ।,Safe,NP,chatgpt
तपाईंको पार्सल वितरण प्रक्रियामा छ। कृपया प्रतीक्षा गर्नुहोस्।,Safe,NP,chatgpt
तपाईंको पासवर्ड सफलतापूर्वक परिवर्तन गरिएको छ। कुनै कार्य आवश्यक छैन।,Safe,NP,chatgpt
तपाईंको पार्सल वितरण प्रक्रियामा छ। कृपया प्रतीक्षा गर्नुहोस्।,Safe,NP,chatgpt
तपाईंको बैंक खातामा शंकास्पद गतिविधि भेटियो। तुरुन्त [लिङ्क] मा गएर प्रमाणित गर्नुहोस्।,Phishing,NP,chatgpt
तपाईंको इमेलमा सुरक्षा समस्या पत्ता लागेको छ। तुरुन्त https://fakebank-update.net मा प्रमाणीकरण गर्नुहोस्।,Phishing,NP,chatgpt
तपाईंको सामाजिक सञ्जाल खाता हटाइने अवस्थामा छ। बचाउन https://delivery-check-now.org मा लगइन गर्नुहोस्।,Phishing,NP,chatgpt
हाम्रो मासिक समाचारपत्र पढ्नुभएकोमा धन्यवाद।,Safe,NP,chatgpt
तपाईंको इमेलमा सुरक्षा समस्या पत्ता लागेको छ। तुरुन्त https://verify-nepal-secure.com मा प्रमाणीकरण गर्नुहोस्।,Phishing,NP,chatgpt
तपाईंको टिकट सफलतापूर्वक बुक गरिएको छ। यात्रा विवरण पछि पठाइनेछ।,Safe,NP,chatgpt
तपाईंको पार्सल वितरण प्रक्रियामा छ। कृपया प्रतीक्षा गर्नुहोस्।,Safe,NP,chatgpt
भुक्तानी असफल भएको कारण तपाईंको सेवा रोकिएको छ। https://delivery-check-now.org मा कार्ड विवरण अद्यावधिक गर्नुहोस्।,Phishing,NP,chatgpt
तपाईंको पार्सल वितरण प्रक्रियामा छ। कृपया प्रतीक्षा गर्नुहोस्।,Safe,NP,chatgpt
तपाईंको सदस्यता सफलतापूर्वक नवीकरण गरिएको छ। धन्यवाद।,Safe,NP,chatgpt
तपाईंको इमेलमा सुरक्षा समस्या पत्ता लागेको छ। तुरुन्त [लिङ्क] मा प्रमाणीकरण गर्नुहोस्।,Phishing,NP,chatgpt
तपाईंको पार्सल रोकिएको छ। डेलिभरी शुल्क तिर्न https://fakebank-update.net मा जानुहोस्।,Phishing,NP,chatgpt
तपाईंको बैंक खातामा शंकास्पद गतिविधि भेटियो। तुरुन्त https://fakebank-update.net मा गएर प्रमाणित गर्नुहोस्।,Phishing,NP,chatgpt
भोलिको बैठक 01:28:41 बजेका लागि तय गरिएको छ। कृपया समयमै सहभागी हुनुहोस्।,Safe,NP,chatgpt
तपाईंको खाता अस्थायी रूपमा बन्द गरिएको छ। पुनः सक्रिय गर्न https://delivery-check-now.org खोल्नुहोस्।,Phishing,NP,chatgpt
सरकारी कर फिर्ता प्राप्त गर्न अहिले [लिङ्क] मा आफ्नो विवरण अपडेट गर्नुहोस्।,Phishing,NP,chatgpt
तपाईंको पासवर्ड सफलतापूर्वक परिवर्तन गरिएको छ। कुनै कार्य आवश्यक छैन।,Safe,NP,chatgpt
सरकारी कर फिर्ता प्राप्त गर्न अहिले https://नक्कली-लिङ्क.कम मा आफ्नो विवरण अपडेट गर्नुहोस्।,Phishing,NP,chatgpt
तपाईंको पासवर्ड सफलतापूर्वक परिवर्तन गरिएको छ। कुनै कार्य आवश्यक छैन।,Safe,NP,chatgpt
तपाईंको पासवर्ड सफलतापूर्वक परिवर्तन गरिएको छ। कुनै कार्य आवश्यक छैन।,Safe,NP,chatgpt
तपाईंको पार्सल वितरण प्रक्रियामा छ। कृपया प्रतीक्षा गर्नुहोस्।,Safe,NP,chatgpt
तपाईंको खाता अस्थायी रूपमा बन्द गरिएको छ। पुनः सक्रिय गर्न https://verify-nepal-secure.com खोल्नुहोस्।,Phishing,NP,chatgpt
तपाईंको सामाजिक सञ्जाल खाता हटाइने अवस्थामा छ। बचाउन https://नक्कली-लिङ्क.कम मा लगइन गर्नुहोस्।,Phishing,NP,chatgpt
तपाईंको टिकट सफलतापूर्वक बुक गरिएको छ। यात्रा विवरण पछि पठाइनेछ।,Safe,NP,chatgpt
तपाईंको टिकट सफलतापूर्वक बुक गरिएको छ। यात्रा विवरण पछि पठाइनेछ।,Safe,NP,chatgpt
तपाईंको बैंक खातामा शंकास्पद गतिविधि भेटियो। तुरुन्त https://नक्कली-लिङ्क.कम मा गएर प्रमाणित गर्नुहोस्।,Phishing,NP,chatgpt
भोलिको बैठक 07:59:09 बजेका लागि तय गरिएको छ। कृपया समयमै सहभागी हुनुहोस्।,Safe,NP,chatgpt
तपाईंको पासवर्ड सफलतापूर्वक परिवर्तन गरिएको छ। कुनै कार्य आवश्यक छैन।,Safe,NP,chatgpt
तपाईंको पार्सल वितरण प्रक्रियामा छ। कृपया प्रतीक्षा गर्नुहोस्।,Safe,NP,chatgpt
हाम्रो मासिक समाचारपत्र पढ्नुभएकोमा धन्यवाद।,Safe,NP,chatgpt
तपाईंको सदस्यता सफलतापूर्वक नवीकरण गरिएको छ। धन्यवाद।,Safe,NP,chatgpt
भोलिको बैठक 07:39:21 बजेका लागि तय गरिएको छ। कृपया समयमै सहभागी हुनुहोस्।,Safe,NP,chatgpt
तपाईंको टिकट सफलतापूर्वक बुक गरिएको छ। यात्रा विवरण पछि पठाइनेछ।,Safe,NP,chatgpt
तपाईंको सदस्यता सफलतापूर्वक नवीकरण गरिएको छ। धन्यवाद।,Safe,NP,chatgpt
भोलिको बैठक 06:25:43 बजेका लागि तय गरिएको छ। कृपया समयमै सहभागी हुनुहोस्।,Safe,NP,chatgpt
तपाईंको इमेलमा सुरक्षा समस्या पत्ता लागेको छ। तुरुन्त https://नक्कली-लिङ्क.कम मा प्रमाणीकरण गर्नुहोस्।,Phishing,NP,chatgpt
तपाईंको टिकट सफलतापूर्वक बुक गरिएको छ। यात्रा विवरण पछि पठाइनेछ।,Safe,NP,chatgpt
हामीसँगको सहकार्यका लागि धन्यवाद। आगामी कार्यक्रममा भेटौंला।,Safe,NP,chatgpt
हाम्रो मासिक समाचारपत्र पढ्नुभएकोमा धन्यवाद।,Safe,NP,chatgpt
सरकारी कर फिर्ता प्राप्त गर्न अहिले https://fakebank-update.net मा आफ्नो विवरण अपडेट गर्नुहोस्।,Phishing,NP,chatgpt
तपाईंको खाता अस्थायी रूपमा बन्द गरिएको छ। पुनः सक्रिय गर्न https://नक्कली-लिङ्क.कम खोल्नुहोस्।,Phishing,NP,chatgpt
भोलिको बैठक 02:52:34 बजेका लागि तय गरिएको छ। कृपया समयमै सहभागी हुनुहोस्।,Safe,NP,chatgpt
तपाईंको पार्सल वितरण प्रक्रियामा छ। कृपया प्रतीक्षा गर्नुहोस्।,Safe,NP,chatgpt
तपाईंको सामाजिक सञ्जाल खाता हटाइने अवस्थामा छ। बचाउन [लिङ्क] मा लगइन गर्नुहोस्।,Phishing,NP,chatgpt
तपाईंको अर्डर #50404 सफलतापूर्वक पुष्टि गरिएको छ। अनुमानित डेलिभरी मिति 2001-01-04 हो।,Safe,NP,chatgpt
तपाईंको खाता अस्थायी रूपमा बन्द गरिएको छ। पुनः सक्रिय गर्न https://नक्कली-लिङ्क.कम खोल्नुहोस्।,Phishing,NP,chatgpt
तपाईंको सामाजिक सञ्जाल खाता हटाइने अवस्थामा छ। बचाउन [लिङ्क] मा लगइन गर्नुहोस्।,Phishing,NP,chatgpt
तपाईंको सदस्यता सफलतापूर्वक नवीकरण गरिएको छ। धन्यवाद।,Safe,NP,chatgpt
तपाईंको सदस्यता सफलतापूर्वक नवीकरण गरिएको छ। धन्यवाद।,Safe,NP,chatgpt
तपाईंको पार्सल वितरण प्रक्रियामा छ। कृपया प्रतीक्षा गर्नुहोस्।,Safe,NP,chatgpt
तपाईंको सामाजिक सञ्जाल खाता हटाइने अवस्थामा छ। बचाउन https://नक्कली-लिङ्क.कम मा लगइन गर्नुहोस्।,Phishing,NP,chatgpt
तपाईंले लटरी जित्नुभएको छ। पुरस्कार दाबी गर्न https://fakebank-update.net मा जानुहोस्।,Phishing,NP,chatgpt
तपाईंको भुक्तानी सफलतापूर्वक प्राप्त भयो। रसिद संलग्न गरिएको छ।,Safe,NP,chatgpt
तपाईंको अर्डर #47700 सफलतापूर्वक पुष्टि गरिएको छ। अनुमानित डेलिभरी मिति 1977-03-21 हो।,Safe,NP,chatgpt
तपाईंले लटरी जित्नुभएको छ। पुरस्कार दाबी गर्न https://नक्कली-लिङ्क.कम मा जानुहोस्।,Phishing,NP,chatgpt
सेवा सुधारका लागि नयाँ नीति लागू गरिएको छ। विवरण संलग्न गरिएको छ।,Safe,NP,chatgpt
असामान्य लगइन प्रयास भेटिएको छ। आफ्नो खाता सुरक्षित गर्न https://verify-nepal-secure.com प्रयोग गर्नुहोस्।,Phishing,NP,chatgpt
सेवा सुधारका लागि नयाँ नीति लागू गरिएको छ। विवरण संलग्न गरिएको छ।,Safe,NP,chatgpt
तपाईंको मोबाइल बैंकिङ सेवा निलम्बन हुन लागेको छ। https://delivery-check-now.org मा गएर पहिचान पुष्टि गर्नुहोस्।,Phishing,NP,chatgpt
हामीसँगको सहकार्यका लागि धन्यवाद। आगामी कार्यक्रममा भेटौंला।,Safe,NP,chatgpt
असामान्य लगइन प्रयास भेटिएको छ। आफ्नो खाता सुरक्षित गर्न [लिङ्क] प्रयोग गर्नुहोस्।,Phishing,NP,chatgpt
भोलिको बैठक 00:13:11 बजेका लागि तय गरिएको छ। कृपया समयमै सहभागी हुनुहोस्।,Safe,NP,chatgpt
तपाईंको सदस्यता सफलतापूर्वक नवीकरण गरिएको छ। धन्यवाद।,Safe,NP,chatgpt
भुक्तानी असफल भएको कारण तपाईंको सेवा रोकिएको छ। https://delivery-check-now.org मा कार्ड विवरण अद्यावधिक गर्नुहोस्।,Phishing,NP,chatgpt
सरकारी कर फिर्ता प्राप्त गर्न अहिले https://fakebank-update.net मा आफ्नो विवरण अपडेट गर्नुहोस्।,Phishing,NP,chatgpt
सेवा सुधारका लागि नयाँ नीति लागू गरिएको छ। विवरण संलग्न गरिएको छ।,Safe,NP,chatgpt
तपाईंको पार्सल रोकिएको छ। डेलिभरी शुल्क तिर्न https://नक्कली-लिङ्क.कम मा जानुहोस्।,Phishing,NP,chatgpt
तपाईंको भुक्तानी सफलतापूर्वक प्राप्त भयो। रसिद संलग्न गरिएको छ।,Safe,NP,chatgpt
तपाईंको टिकट सफलतापूर्वक बुक गरिएको छ। यात्रा विवरण पछि पठाइनेछ।,Safe,NP,chatgpt
हाम्रो मासिक समाचारपत्र पढ्नुभएकोमा धन्यवाद।,Safe,NP,chatgpt
सरकारी कर फिर्ता प्राप्त गर्न अहिले https://नक्कली-लिङ्क.कम मा आफ्नो विवरण अपडेट गर्नुहोस्।,Phishing,NP,chatgpt
तपाईंको मोबाइल बैंकिङ सेवा निलम्बन हुन लागेको छ। [लिङ्क] मा गएर पहिचान पुष्टि गर्नुहोस्।,Phishing,NP,chatgpt
तपाईंको बैंक खातामा शंकास्पद गतिविधि भेटियो। तुरुन्त https://delivery-check-now.org मा गएर प्रमाणित गर्नुहोस्।,Phishing,NP,chatgpt
सेवा सुधारका लागि नयाँ नीति लागू गरिएको छ। विवरण संलग्न गरिएको छ।,Safe,NP,chatgpt
हामीसँगको सहकार्यका लागि धन्यवाद। आगामी कार्यक्रममा भेटौंला।,Safe,NP,chatgpt
तपाईंको पासवर्ड सफलतापूर्वक परिवर्तन गरिएको छ। कुनै कार्य आवश्यक छैन।,Safe,NP,chatgpt
तपाईंको पासवर्ड सफलतापूर्वक परिवर्तन गरिएको छ। कुनै कार्य आवश्यक छैन।,Safe,NP,chatgpt
भुक्तानी असफल भएको कारण तपाईंको सेवा रोकिएको छ। https://delivery-check-now.org मा कार्ड विवरण अद्यावधिक गर्नुहोस्।,Phishing,NP,chatgpt
तपाईंको मोबाइल बैंकिङ सेवा निलम्बन हुन लागेको छ। https://delivery-check-now.org मा गएर पहिचान पुष्टि गर्नुहोस्।,Phishing,NP,chatgpt
तपाईंको मोबाइल बैंकिङ सेवा निलम्बन हुन लागेको छ। https://नक्कली-लिङ्क.कम मा गएर पहिचान पुष्टि गर्नुहोस्।,Phishing,NP,chatgpt
तपाईंको इमेलमा सुरक्षा समस्या पत्ता लागेको छ। तुरुन्त https://fakebank-update.net मा प्रमाणीकरण गर्नुहोस्।,Phishing,NP,chatgpt
तपाईंको पार्सल रोकिएको छ। डेलिभरी शुल्क तिर्न https://नक्कली-लिङ्क.कम मा जानुहोस्।,Phishing,NP,chatgpt
तपाईंको बैंक खातामा शंकास्पद गतिविधि भेटियो। तुरुन्त https://verify-nepal-secure.com मा गएर प्रमाणित गर्नुहोस्।,Phishing,NP,chatgpt
तपाईंको मोबाइल बैंकिङ सेवा निलम्बन हुन लागेको छ। https://delivery-check-now.org मा गएर पहिचान पुष्टि गर्नुहोस्।,Phishing,NP,chatgpt
भुक्तानी असफल भएको कारण तपाईंको सेवा रोकिएको छ। [लिङ्क] मा कार्ड विवरण अद्यावधिक गर्नुहोस्।,Phishing,NP,chatgpt
भुक्तानी असफल भएको कारण तपाईंको सेवा रोकिएको छ। https://verify-nepal-secure.com मा कार्ड विवरण अद्यावधिक गर्नुहोस्।,Phishing,NP,chatgpt
तपाईंको भुक्तानी सफलतापूर्वक प्राप्त भयो। रसिद संलग्न गरिएको छ।,Safe,NP,chatgpt
तपाईंको सामाजिक सञ्जाल खाता हटाइने अवस्थामा छ। बचाउन https://verify-nepal-secure.com मा लगइन गर्नुहोस्।,Phishing,NP,chatgpt
तपाईंको सामाजिक सञ्जाल खाता हटाइने अवस्थामा छ। बचाउन https://delivery-check-now.org मा लगइन गर्नुहोस्।,Phishing,NP,chatgpt
सेवा सुधारका लागि नयाँ नीति लागू गरिएको छ। विवरण संलग्न गरिएको छ।,Safe,NP,chatgpt
तपाईंको टिकट सफलतापूर्वक बुक गरिएको छ। यात्रा विवरण पछि पठाइनेछ।,Safe,NP,chatgpt
तपाईंको टिकट सफलतापूर्वक बुक गरिएको छ। यात्रा विवरण पछि पठाइनेछ।,Safe,NP,chatgpt
तपाईंले लटरी जित्नुभएको छ। पुरस्कार दाबी गर्न https://fakebank-update.net मा जानुहोस्।,Phishing,NP,chatgpt
तपाईंको भुक्तानी सफलतापूर्वक प्राप्त भयो। रसिद संलग्न गरिएको छ।,Safe,NP,chatgpt
तपाईंको पासवर्ड सफलतापूर्वक परिवर्तन गरिएको छ। कुनै कार्य आवश्यक छैन।,Safe,NP,chatgpt
तपाईंको टिकट सफलतापूर्वक बुक गरिएको छ। यात्रा विवरण पछि पठाइनेछ।,Safe,NP,chatgpt
तपाईंको सामाजिक सञ्जाल खाता हटाइने अवस्थामा छ। बचाउन https://verify-nepal-secure.com मा लगइन गर्नुहोस्।,Phishing,NP,chatgpt
तपाईंको पार्सल वितरण प्रक्रियामा छ। कृपया प्रतीक्षा गर्नुहोस्।,Safe,NP,chatgpt
तपाईंको सामाजिक सञ्जाल खाता हटाइने अवस्थामा छ। बचाउन [लिङ्क] मा लगइन गर्नुहोस्।,Phishing,NP,chatgpt
तपाईंको टिकट सफलतापूर्वक बुक गरिएको छ। यात्रा विवरण पछि पठाइनेछ।,Safe,NP,chatgpt
तपाईंको मोबाइल बैंकिङ सेवा निलम्बन हुन लागेको छ। https://delivery-check-now.org मा गएर पहिचान पुष्टि गर्नुहोस्।,Phishing,NP,chatgpt
तपाईंको मोबाइल बैंकिङ सेवा निलम्बन हुन लागेको छ। https://नक्कली-लिङ्क.कम मा गएर पहिचान पुष्टि गर्नुहोस्।,Phishing,NP,chatgpt
भोलिको बैठक 18:10:51 बजेका लागि तय गरिएको छ। कृपया समयमै सहभागी हुनुहोस्।,Safe,NP,chatgpt
असामान्य लगइन प्रयास भेटिएको छ। आफ्नो खाता सुरक्षित गर्न https://verify-nepal-secure.com प्रयोग गर्नुहोस्।,Phishing,NP,chatgpt
तपाईंको पासवर्ड सफलतापूर्वक परिवर्तन गरिएको छ। कुनै कार्य आवश्यक छैन।,Safe,NP,chatgpt
तपाईंको पार्सल वितरण प्रक्रियामा छ। कृपया प्रतीक्षा गर्नुहोस्।,Safe,NP,chatgpt
तपाईंको अर्डर #61964 सफलतापूर्वक पुष्टि गरिएको छ। अनुमानित डेलिभरी मिति 1982-06-09 हो।,Safe,NP,chatgpt
तपाईंको अर्डर #52568 सफलतापूर्वक पुष्टि गरिएको छ। अनुमानित डेलिभरी मिति 1984-08-13 हो।,Safe,NP,chatgpt
तपाईंको खाता अस्थायी रूपमा बन्द गरिएको छ। पुनः सक्रिय गर्न https://delivery-check-now.org खोल्नुहोस्।,Phishing,NP,chatgpt
तपाईंको पार्सल रोकिएको छ। डेलिभरी शुल्क तिर्न https://नक्कली-लिङ्क.कम मा जानुहोस्।,Phishing,NP,chatgpt
तपाईंको अर्डर #70217 सफलतापूर्वक पुष्टि गरिएको छ। अनुमानित डेलिभरी मिति 2017-07-25 हो।,Safe,NP,chatgpt
हामीसँगको सहकार्यका लागि धन्यवाद। आगामी कार्यक्रममा भेटौंला।,Safe,NP,chatgpt
तपाईंको भुक्तानी सफलतापूर्वक प्राप्त भयो। रसिद संलग्न गरिएको छ।,Safe,NP,chatgpt
सेवा सुधारका लागि नयाँ नीति लागू गरिएको छ। विवरण संलग्न गरिएको छ।,Safe,NP,chatgpt
सेवा सुधारका लागि नयाँ नीति लागू गरिएको छ। विवरण संलग्न गरिएको छ।,Safe,NP,chatgpt
सेवा सुधारका लागि नयाँ नीति लागू गरिएको छ। विवरण संलग्न गरिएको छ।,Safe,NP,chatgpt
तपाईंको खाता अस्थायी रूपमा बन्द गरिएको छ। पुनः सक्रिय गर्न https://verify-nepal-secure.com खोल्नुहोस्।,Phishing,NP,chatgpt
तपाईंको पासवर्ड सफलतापूर्वक परिवर्तन गरिएको छ। कुनै कार्य आवश्यक छैन।,Safe,NP,chatgpt
तपाईंको बैंक खातामा शंकास्पद गतिविधि भेटियो। तुरुन्त https://fakebank-update.net मा गएर प्रमाणित गर्नुहोस्।,Phishing,NP,chatgpt
तपाईंको खाता अस्थायी रूपमा बन्द गरिएको छ। पुनः सक्रिय गर्न [लिङ्क] खोल्नुहोस्।,Phishing,NP,chatgpt
सेवा सुधारका लागि नयाँ नीति लागू गरिएको छ। विवरण संलग्न गरिएको छ।,Safe,NP,chatgpt
तपाईंको पासवर्ड सफलतापूर्वक परिवर्तन गरिएको छ। कुनै कार्य आवश्यक छैन।,Safe,NP,chatgpt
सरकारी कर फिर्ता प्राप्त गर्न अहिले https://verify-nepal-secure.com मा आफ्नो विवरण अपडेट गर्नुहोस्।,Phishing,NP,chatgpt
तपाईंले लटरी जित्नुभएको छ। पुरस्कार दाबी गर्न https://नक्कली-लिङ्क.कम मा जानुहोस्।,Phishing,NP,chatgpt
सेवा सुधारका लागि नयाँ नीति लागू गरिएको छ। विवरण संलग्न गरिएको छ।,Safe,NP,chatgpt
तपाईंको खाता अस्थायी रूपमा बन्द गरिएको छ। पुनः सक्रिय गर्न https://verify-nepal-secure.com खोल्नुहोस्।,Phishing,NP,chatgpt
तपाईंको सदस्यता सफलतापूर्वक नवीकरण गरिएको छ। धन्यवाद।,Safe,NP,chatgpt
तपाईंको पासवर्ड सफलतापूर्वक परिवर्तन गरिएको छ। कुनै कार्य आवश्यक छैन।,Safe,NP,chatgpt
तपाईंको टिकट सफलतापूर्वक बुक गरिएको छ। यात्रा विवरण पछि पठाइनेछ।,Safe,NP,chatgpt
तपाईंको पार्सल वितरण प्रक्रियामा छ। कृपया प्रतीक्षा गर्नुहोस्।,Safe,NP,chatgpt
तपाईंको टिकट सफलतापूर्वक बुक गरिएको छ। यात्रा विवरण पछि पठाइनेछ।,Safe,NP,chatgpt
तपाईंले लटरी जित्नुभएको छ। पुरस्कार दाबी गर्न [लिङ्क] मा जानुहोस्।,Phishing,NP,chatgpt
तपाईंको खाता अस्थायी रूपमा बन्द गरिएको छ। पुनः सक्रिय गर्न https://नक्कली-लिङ्क.कम खोल्नुहोस्।,Phishing,NP,chatgpt
तपाईंको पासवर्ड सफलतापूर्वक परिवर्तन गरिएको छ। कुनै कार्य आवश्यक छैन।,Safe,NP,chatgpt
तपाईंको भुक्तानी सफलतापूर्वक प्राप्त भयो। रसिद संलग्न गरिएको छ।,Safe,NP,chatgpt
तपाईंको सदस्यता सफलतापूर्वक नवीकरण गरिएको छ। धन्यवाद।,Safe,NP,chatgpt
तपाईंको सदस्यता सफलतापूर्वक नवीकरण गरिएको छ। धन्यवाद।,Safe,NP,chatgpt
तपाईंको मोबाइल बैंकिङ सेवा निलम्बन हुन लागेको छ। https://verify-nepal-secure.com मा गएर पहिचान पुष्टि गर्नुहोस्।,Phishing,NP,chatgpt
तपाईंको मोबाइल बैंकिङ सेवा निलम्बन हुन लागेको छ। https://नक्कली-लिङ्क.कम मा गएर पहिचान पुष्टि गर्नुहोस्।,Phishing,NP,chatgpt
तपाईंको अर्डर #95477 सफलतापूर्वक पुष्टि गरिएको छ। अनुमानित डेलिभरी मिति 1984-08-24 हो।,Safe,NP,chatgpt
भुक्तानी असफल भएको कारण तपाईंको सेवा रोकिएको छ। https://verify-nepal-secure.com मा कार्ड विवरण अद्यावधिक गर्नुहोस्।,Phishing,NP,chatgpt
असामान्य लगइन प्रयास भेटिएको छ। आफ्नो खाता सुरक्षित गर्न https://delivery-check-now.org प्रयोग गर्नुहोस्।,Phishing,NP,chatgpt
तपाईंको पार्सल वितरण प्रक्रियामा छ। कृपया प्रतीक्षा गर्नुहोस्।,Safe,NP,chatgpt
तपाईंको पार्सल वितरण प्रक्रियामा छ। कृपया प्रतीक्षा गर्नुहोस्।,Safe,NP,chatgpt
सरकारी कर फिर्ता प्राप्त गर्न अहिले https://fakebank-update.net मा आफ्नो विवरण अपडेट गर्नुहोस्।,Phishing,NP,chatgpt
तपाईंको खाता अस्थायी रूपमा बन्द गरिएको छ। पुनः सक्रिय गर्न [लिङ्क] खोल्नुहोस्।,Phishing,NP,chatgpt
तपाईंको पार्सल रोकिएको छ। डेलिभरी शुल्क तिर्न https://नक्कली-लिङ्क.कम मा जानुहोस्।,Phishing,NP,chatgpt
हामीसँगको सहकार्यका लागि धन्यवाद। आगामी कार्यक्रममा भेटौंला।,Safe,NP,chatgpt
भोलिको बैठक 23:42:11 बजेका लागि तय गरिएको छ। कृपया समयमै सहभागी हुनुहोस्।,Safe,NP,chatgpt
तपाईंको पार्सल रोकिएको छ। डेलिभरी शुल्क तिर्न https://नक्कली-लिङ्क.कम मा जानुहोस्।,Phishing,NP,chatgpt
तपाईंको भुक्तानी सफलतापूर्वक प्राप्त भयो। रसिद संलग्न गरिएको छ।,Safe,NP,chatgpt
तपाईंको मोबाइल बैंकिङ सेवा निलम्बन हुन लागेको छ। https://verify-nepal-secure.com मा गएर पहिचान पुष्टि गर्नुहोस्।,Phishing,NP,chatgpt
तपाईंको पार्सल रोकिएको छ। डेलिभरी शुल्क तिर्न https://delivery-check-now.org मा जानुहोस्।,Phishing,NP,chatgpt
सेवा सुधारका लागि नयाँ नीति लागू गरिएको छ। विवरण संलग्न गरिएको छ।,Safe,NP,chatgpt
तपाईंको खाता अस्थायी रूपमा बन्द गरिएको छ। पुनः सक्रिय गर्न https://नक्कली-लिङ्क.कम खोल्नुहोस्।,Phishing,NP,chatgpt
तपाईंको टिकट सफलतापूर्वक बुक गरिएको छ। यात्रा विवरण पछि पठाइनेछ।,Safe,NP,chatgpt
तपाईंको बैंक खातामा शंकास्पद गतिविधि भेटियो। तुरुन्त [लिङ्क] मा गएर प्रमाणित गर्नुहोस्।,Phishing,NP,chatgpt
तपाईंको पासवर्ड सफलतापूर्वक परिवर्तन गरिएको छ। कुनै कार्य आवश्यक छैन।,Safe,NP,chatgpt
तपाईंको पार्सल रोकिएको छ। डेलिभरी शुल्क तिर्न https://fakebank-update.net मा जानुहोस्।,Phishing,NP,chatgpt
तपाईंको पार्सल रोकिएको छ। डेलिभरी शुल्क तिर्न https://fakebank-update.net मा जानुहोस्।,Phishing,NP,chatgpt
तपाईंको पासवर्ड सफलतापूर्वक परिवर्तन गरिएको छ। कुनै कार्य आवश्यक छैन।,Safe,NP,chatgpt
तपाईंको खाता अस्थायी रूपमा बन्द गरिएको छ। पुनः सक्रिय गर्न [लिङ्क] खोल्नुहोस्।,Phishing,NP,chatgpt
भोलिको बैठक 01:33:49 बजेका लागि तय गरिएको छ। कृपया समयमै सहभागी हुनुहोस्।,Safe,NP,chatgpt
भोलिको बैठक 19:56:35 बजेका लागि तय गरिएको छ। कृपया समयमै सहभागी हुनुहोस्।,Safe,NP,chatgpt
तपाईंको भुक्तानी सफलतापूर्वक प्राप्त भयो। रसिद संलग्न गरिएको छ।,Safe,NP,chatgpt
हाम्रो मासिक समाचारपत्र पढ्नुभएकोमा धन्यवाद।,Safe,NP,chatgpt
हामीसँगको सहकार्यका लागि धन्यवाद। आगामी कार्यक्रममा भेटौंला।,Safe,NP,chatgpt
तपाईंको बैंक खातामा शंकास्पद गतिविधि भेटियो। तुरुन्त https://नक्कली-लिङ्क.कम मा गएर प्रमाणित गर्नुहोस्।,Phishing,NP,chatgpt
तपाईंको भुक्तानी सफलतापूर्वक प्राप्त भयो। रसिद संलग्न गरिएको छ।,Safe,NP,chatgpt
तपाईंको इमेलमा सुरक्षा समस्या पत्ता लागेको छ। तुरुन्त [लिङ्क] मा प्रमाणीकरण गर्नुहोस्।,Phishing,NP,chatgpt
तपाईंको टिकट सफलतापूर्वक बुक गरिएको छ। यात्रा विवरण पछि पठाइनेछ।,Safe,NP,chatgpt
तपाईंको अर्डर #24663 सफलतापूर्वक पुष्टि गरिएको छ। अनुमानित डेलिभरी मिति 2008-08-01 हो।,Safe,NP,chatgpt
तपाईंको खाता अस्थायी रूपमा बन्द गरिएको छ। पुनः सक्रिय गर्न https://नक्कली-लिङ्क.कम खोल्नुहोस्।,Phishing,NP,chatgpt
तपाईंको मोबाइल बैंकिङ सेवा निलम्बन हुन लागेको छ। https://delivery-check-now.org मा गएर पहिचान पुष्टि गर्नुहोस्।,Phishing,NP,chatgpt
तपाईंको पार्सल रोकिएको छ। डेलिभरी शुल्क तिर्न https://verify-nepal-secure.com मा जानुहोस्।,Phishing,NP,chatgpt
भुक्तानी असफल भएको कारण तपाईंको सेवा रोकिएको छ। https://delivery-check-now.org मा कार्ड विवरण अद्यावधिक गर्नुहोस्।,Phishing,NP,chatgpt
तपाईंको बैंक खातामा शंकास्पद गतिविधि भेटियो। तुरुन्त [लिङ्क] मा गएर प्रमाणित गर्नुहोस्।,Phishing,NP,chatgpt
तपाईंको सामाजिक सञ्जाल खाता हटाइने अवस्थामा छ। बचाउन [लिङ्क] मा लगइन गर्नुहोस्।,Phishing,NP,chatgpt
भुक्तानी असफल भएको कारण तपाईंको सेवा रोकिएको छ। https://delivery-check-now.org मा कार्ड विवरण अद्यावधिक गर्नुहोस्।,Phishing,NP,chatgpt
तपाईंको मोबाइल बैंकिङ सेवा निलम्बन हुन लागेको छ। https://fakebank-update.net मा गएर पहिचान पुष्टि गर्नुहोस्।,Phishing,NP,chatgpt
तपाईंले लटरी जित्नुभएको छ। पुरस्कार दाबी गर्न https://नक्कली-लिङ्क.कम मा जानुहोस्।,Phishing,NP,chatgpt
तपाईंको मोबाइल बैंकिङ सेवा निलम्बन हुन लागेको छ। [लिङ्क] मा गएर पहिचान पुष्टि गर्नुहोस्।,Phishing,NP,chatgpt
तपाईंको पार्सल रोकिएको छ। डेलिभरी शुल्क तिर्न https://fakebank-update.net मा जानुहोस्।,Phishing,NP,chatgpt
तपाईंको इमेलमा सुरक्षा समस्या पत्ता लागेको छ। तुरुन्त https://delivery-check-now.org मा प्रमाणीकरण गर्नुहोस्।,Phishing,NP,chatgpt
तपाईंको पार्सल रोकिएको छ। डेलिभरी शुल्क तिर्न https://fakebank-update.net मा जानुहोस्।,Phishing,NP,chatgpt
तपाईंको टिकट सफलतापूर्वक बुक गरिएको छ। यात्रा विवरण पछि पठाइनेछ।,Safe,NP,chatgpt
तपाईंको सदस्यता सफलतापूर्वक नवीकरण गरिएको छ। धन्यवाद।,Safe,NP,chatgpt
सरकारी कर फिर्ता प्राप्त गर्न अहिले https://verify-nepal-secure.com मा आफ्नो विवरण अपडेट गर्नुहोस्।,Phishing,NP,chatgpt
हामीसँगको सहकार्यका लागि धन्यवाद। आगामी कार्यक्रममा भेटौंला।,Safe,NP,chatgpt
हाम्रो मासिक समाचारपत्र पढ्नुभएकोमा धन्यवाद।,Safe,NP,chatgpt
भुक्तानी असफल भएको कारण तपाईंको सेवा रोकिएको छ। https://delivery-check-now.org मा कार्ड विवरण अद्यावधिक गर्नुहोस्।,Phishing,NP,chatgpt
तपाईंको पार्सल वितरण प्रक्रियामा छ। कृपया प्रतीक्षा गर्नुहोस्।,Safe,NP,chatgpt
सरकारी कर फिर्ता प्राप्त गर्न अहिले https://verify-nepal-secure.com मा आफ्नो विवरण अपडेट गर्नुहोस्।,Phishing,NP,chatgpt
तपाईंको पार्सल वितरण प्रक्रियामा छ। कृपया प्रतीक्षा गर्नुहोस्।,Safe,NP,chatgpt
तपाईंको पासवर्ड सफलतापूर्वक परिवर्तन गरिएको छ। कुनै कार्य आवश्यक छैन।,Safe,NP,chatgpt
भोलिको बैठक 18:16:52 बजेका लागि तय गरिएको छ। कृपया समयमै सहभागी हुनुहोस्।,Safe,NP,chatgpt
तपाईंको इमेलमा सुरक्षा समस्या पत्ता लागेको छ। तुरुन्त https://नक्कली-लिङ्क.कम मा प्रमाणीकरण गर्नुहोस्।,Phishing,NP,chatgpt
तपाईंको पार्सल रोकिएको छ। डेलिभरी शुल्क तिर्न https://verify-nepal-secure.com मा जानुहोस्।,Phishing,NP,chatgpt
तपाईंको टिकट सफलतापूर्वक बुक गरिएको छ। यात्रा विवरण पछि पठाइनेछ।,Safe,NP,chatgpt
भोलिको बैठक 22:03:20 बजेका लागि तय गरिएको छ। कृपया समयमै सहभागी हुनुहोस्।,Safe,NP,chatgpt
तपाईंको अर्डर #96511 सफलतापूर्वक पुष्टि गरिएको छ। अनुमानित डेलिभरी मिति 1995-10-15 हो।,Safe,NP,chatgpt
तपाईंको बैंक खातामा शंकास्पद गतिविधि भेटियो। तुरुन्त https://fakebank-update.net मा गएर प्रमाणित गर्नुहोस्।,Phishing,NP,chatgpt
भोलिको बैठक 00:46:59 बजेका लागि तय गरिएको छ। कृपया समयमै सहभागी हुनुहोस्।,Safe,NP,chatgpt
तपाईंको भुक्तानी सफलतापूर्वक प्राप्त भयो। रसिद संलग्न गरिएको छ।,Safe,NP,chatgpt
तपाईंको पार्सल रोकिएको छ। डेलिभरी शुल्क तिर्न https://delivery-check-now.org मा जानुहोस्।,Phishing,NP,chatgpt
तपाईंको सामाजिक सञ्जाल खाता हटाइने अवस्थामा छ। बचाउन https://नक्कली-लिङ्क.कम मा लगइन गर्नुहोस्।,Phishing,NP,chatgpt
तपाईंको सामाजिक सञ्जाल खाता हटाइने अवस्थामा छ। बचाउन https://नक्कली-लिङ्क.कम मा लगइन गर्नुहोस्।,Phishing,NP,chatgpt
भोलिको बैठक 02:45:19 बजेका लागि तय गरिएको छ। कृपया समयमै सहभागी हुनुहोस्।,Safe,NP,chatgpt
तपाईंको पार्सल वितरण प्रक्रियामा छ। कृपया प्रतीक्षा गर्नुहोस्।,Safe,NP,chatgpt
तपाईंको पासवर्ड सफलतापूर्वक परिवर्तन गरिएको छ। कुनै कार्य आवश्यक छैन।,Safe,NP,chatgpt
भुक्तानी असफल भएको कारण तपाईंको सेवा रोकिएको छ। [लिङ्क] मा कार्ड विवरण अद्यावधिक गर्नुहोस्।,Phishing,NP,chatgpt
असामान्य लगइन प्रयास भेटिएको छ। आफ्नो खाता सुरक्षित गर्न https://नक्कली-लिङ्क.कम प्रयोग गर्नुहोस्।,Phishing,NP,chatgpt
तपाईंको सदस्यता सफलतापूर्वक नवीकरण गरिएको छ। धन्यवाद।,Safe,NP,chatgpt
तपाईंको खाता अस्थायी रूपमा बन्द गरिएको छ। पुनः सक्रिय गर्न https://fakebank-update.net खोल्नुहोस्।,Phishing,NP,chatgpt
तपाईंको पार्सल वितरण प्रक्रियामा छ। कृपया प्रतीक्षा गर्नुहोस्।,Safe,NP,chatgpt
तपाईंको पासवर्ड सफलतापूर्वक परिवर्तन गरिएको छ। कुनै कार्य आवश्यक छैन।,Safe,NP,chatgpt
तपाईंको मोबाइल बैंकिङ सेवा निलम्बन हुन लागेको छ। https://नक्कली-लिङ्क.कम मा गएर पहिचान पुष्टि गर्नुहोस्।,Phishing,NP,chatgpt
तपाईंको पार्सल रोकिएको छ। डेलिभरी शुल्क तिर्न https://नक्कली-लिङ्क.कम मा जानुहोस्।,Phishing,NP,chatgpt
भोलिको बैठक 20:30:39 बजेका लागि तय गरिएको छ। कृपया समयमै सहभागी हुनुहोस्।,Safe,NP,chatgpt
तपाईंको इमेलमा सुरक्षा समस्या पत्ता लागेको छ। तुरुन्त https://fakebank-update.net मा प्रमाणीकरण गर्नुहोस्।,Phishing,NP,chatgpt
तपाईंले लटरी जित्नुभएको छ। पुरस्कार दाबी गर्न https://verify-nepal-secure.com मा जानुहोस्।,Phishing,NP,chatgpt
तपाईंको पासवर्ड सफलतापूर्वक परिवर्तन गरिएको छ। कुनै कार्य आवश्यक छैन।,Safe,NP,chatgpt
तपाईंको मोबाइल बैंकिङ सेवा निलम्बन हुन लागेको छ। https://delivery-check-now.org मा गएर पहिचान पुष्टि गर्नुहोस्।,Phishing,NP,chatgpt
तपाईंको अर्डर #66626 सफलतापूर्वक पुष्टि गरिएको छ। अनुमानित डेलिभरी मिति 2009-06-22 हो।,Safe,NP,chatgpt
तपाईंको इमेलमा सुरक्षा समस्या पत्ता लागेको छ। तुरुन्त https://fakebank-update.net मा प्रमाणीकरण गर्नुहोस्।,Phishing,NP,chatgpt
हामीसँगको सहकार्यका लागि धन्यवाद। आगामी कार्यक्रममा भेटौंला।,Safe,NP,chatgpt
तपाईंको सदस्यता सफलतापूर्वक नवीकरण गरिएको छ। धन्यवाद।,Safe,NP,chatgpt
सरकारी कर फिर्ता प्राप्त गर्न अहिले https://नक्कली-लिङ्क.कम मा आफ्नो विवरण अपडेट गर्नुहोस्।,Phishing,NP,chatgpt
सरकारी कर फिर्ता प्राप्त गर्न अहिले [लिङ्क] मा आफ्नो विवरण अपडेट गर्नुहोस्।,Phishing,NP,chatgpt
तपाईंको टिकट सफलतापूर्वक बुक गरिएको छ। यात्रा विवरण पछि पठाइनेछ।,Safe,NP,chatgpt
तपाईंले लटरी जित्नुभएको छ। पुरस्कार दाबी गर्न https://नक्कली-लिङ्क.कम मा जानुहोस्।,Phishing,NP,chatgpt
असामान्य लगइन प्रयास भेटिएको छ। आफ्नो खाता सुरक्षित गर्न [लिङ्क] प्रयोग गर्नुहोस्।,Phishing,NP,chatgpt
तपाईंको पार्सल रोकिएको छ। डेलिभरी शुल्क तिर्न https://verify-nepal-secure.com मा जानुहोस्।,Phishing,NP,chatgpt
तपाईंको सदस्यता सफलतापूर्वक नवीकरण गरिएको छ। धन्यवाद।,Safe,NP,chatgpt
असामान्य लगइन प्रयास भेटिएको छ। आफ्नो खाता सुरक्षित गर्न https://नक्कली-लिङ्क.कम प्रयोग गर्नुहोस्।,Phishing,NP,chatgpt
सेवा सुधारका लागि नयाँ नीति लागू गरिएको छ। विवरण संलग्न गरिएको छ।,Safe,NP,chatgpt
तपाईंले लटरी जित्नुभएको छ। पुरस्कार दाबी गर्न [लिङ्क] मा जानुहोस्।,Phishing,NP,chatgpt
तपाईंको पासवर्ड सफलतापूर्वक परिवर्तन गरिएको छ। कुनै कार्य आवश्यक छैन।,Safe,NP,chatgpt
हाम्रो मासिक समाचारपत्र पढ्नुभएकोमा धन्यवाद।,Safe,NP,chatgpt
तपाईंको पार्सल रोकिएको छ। डेलिभरी शुल्क तिर्न https://नक्कली-लिङ्क.कम मा जानुहोस्।,Phishing,NP,chatgpt
तपाईंको बैंक खातामा शंकास्पद गतिविधि भेटियो। तुरुन्त https://fakebank-update.net मा गएर प्रमाणित गर्नुहोस्।,Phishing,NP,chatgpt
तपाईंको बैंक खातामा शंकास्पद गतिविधि भेटियो। तुरुन्त [लिङ्क] मा गएर प्रमाणित गर्नुहोस्।,Phishing,NP,chatgpt
तपाईंको अर्डर #33647 सफलतापूर्वक पुष्टि गरिएको छ। अनुमानित डेलिभरी मिति 1987-08-02 हो।,Safe,NP,chatgpt
हाम्रो मासिक समाचारपत्र पढ्नुभएकोमा धन्यवाद।,Safe,NP,chatgpt
तपाईंको खाता अस्थायी रूपमा बन्द गरिएको छ। पुनः सक्रिय गर्न [लिङ्क] खोल्नुहोस्।,Phishing,NP,chatgpt
असामान्य लगइन प्रयास भेटिएको छ। आफ्नो खाता सुरक्षित गर्न [लिङ्क] प्रयोग गर्नुहोस्।,Phishing,NP,chatgpt
तपाईंको खाता अस्थायी रूपमा बन्द गरिएको छ। पुनः सक्रिय गर्न https://fakebank-update.net खोल्नुहोस्।,Phishing,NP,chatgpt
असामान्य लगइन प्रयास भेटिएको छ। आफ्नो खाता सुरक्षित गर्न https://verify-nepal-secure.com प्रयोग गर्नुहोस्।,Phishing,NP,chatgpt
सेवा सुधारका लागि नयाँ नीति लागू गरिएको छ। विवरण संलग्न गरिएको छ।,Safe,NP,chatgpt
हाम्रो मासिक समाचारपत्र पढ्नुभएकोमा धन्यवाद।,Safe,NP,chatgpt
तपाईंको अर्डर #24208 सफलतापूर्वक पुष्टि गरिएको छ। अनुमानित डेलिभरी मिति 2012-08-06 हो।,Safe,NP,chatgpt
सेवा सुधारका लागि नयाँ नीति लागू गरिएको छ। विवरण संलग्न गरिएको छ।,Safe,NP,chatgpt
असामान्य लगइन प्रयास भेटिएको छ। आफ्नो खाता सुरक्षित गर्न [लिङ्क] प्रयोग गर्नुहोस्।,Phishing,NP,chatgpt
हामीसँगको सहकार्यका लागि धन्यवाद। आगामी कार्यक्रममा भेटौंला।,Safe,NP,chatgpt
तपाईंको अर्डर #44099 सफलतापूर्वक पुष्टि गरिएको छ। अनुमानित डेलिभरी मिति 2004-07-10 हो।,Safe,NP,chatgpt
तपाईंको बैंक खातामा शंकास्पद गतिविधि भेटियो। तुरुन्त [लिङ्क] मा गएर प्रमाणित गर्नुहोस्।,Phishing,NP,chatgpt
सरकारी कर फिर्ता प्राप्त गर्न अहिले https://delivery-check-now.org मा आफ्नो विवरण अपडेट गर्नुहोस्।,Phishing,NP,chatgpt
तपाईंको भुक्तानी सफलतापूर्वक प्राप्त भयो। रसिद संलग्न गरिएको छ।,Safe,NP,chatgpt
तपाईंको टिकट सफलतापूर्वक बुक गरिएको छ। यात्रा विवरण पछि पठाइनेछ।,Safe,NP,chatgpt
भोलिको बैठक 14:58:22 बजेका लागि तय गरिएको छ। कृपया समयमै सहभागी हुनुहोस्।,Safe,NP,chatgpt
तपाईंको मोबाइल बैंकिङ सेवा निलम्बन हुन लागेको छ। [लिङ्क] मा गएर पहिचान पुष्टि गर्नुहोस्।,Phishing,NP,chatgpt
भोलिको बैठक 18:10:21 बजेका लागि तय गरिएको छ। कृपया समयमै सहभागी हुनुहोस्।,Safe,NP,chatgpt
भुक्तानी असफल भएको कारण तपाईंको सेवा रोकिएको छ। https://delivery-check-now.org मा कार्ड विवरण अद्यावधिक गर्नुहोस्।,Phishing,NP,chatgpt
तपाईंको पासवर्ड सफलतापूर्वक परिवर्तन गरिएको छ। कुनै कार्य आवश्यक छैन।,Safe,NP,chatgpt
तपाईंको पार्सल रोकिएको छ। डेलिभरी शुल्क तिर्न https://verify-nepal-secure.com मा जानुहोस्।,Phishing,NP,chatgpt
तपाईंको मोबाइल बैंकिङ सेवा निलम्बन हुन लागेको छ। https://fakebank-update.net मा गएर पहिचान पुष्टि गर्नुहोस्।,Phishing,NP,chatgpt
भोलिको बैठक 19:43:17 बजेका लागि तय गरिएको छ। कृपया समयमै सहभागी हुनुहोस्।,Safe,NP,chatgpt
असामान्य लगइन प्रयास भेटिएको छ। आफ्नो खाता सुरक्षित गर्न [लिङ्क] प्रयोग गर्नुहोस्।,Phishing,NP,chatgpt
तपाईंको मोबाइल बैंकिङ सेवा निलम्बन हुन लागेको छ। https://verify-nepal-secure.com मा गएर पहिचान पुष्टि गर्नुहोस्।,Phishing,NP,chatgpt
तपाईंको इमेलमा सुरक्षा समस्या पत्ता लागेको छ। तुरुन्त https://delivery-check-now.org मा प्रमाणीकरण गर्नुहोस्।,Phishing,NP,chatgpt
भुक्तानी असफल भएको कारण तपाईंको सेवा रोकिएको छ। https://verify-nepal-secure.com मा कार्ड विवरण अद्यावधिक गर्नुहोस्।,Phishing,NP,chatgpt
तपाईंको पासवर्ड सफलतापूर्वक परिवर्तन गरिएको छ। कुनै कार्य आवश्यक छैन।,Safe,NP,chatgpt
तपाईंले लटरी जित्नुभएको छ। पुरस्कार दाबी गर्न https://fakebank-update.net मा जानुहोस्।,Phishing,NP,chatgpt
तपाईंको अर्डर #22280 सफलतापूर्वक पुष्टि गरिएको छ। अनुमानित डेलिभरी मिति 1980-08-28 हो।,Safe,NP,chatgpt
तपाईंको मोबाइल बैंकिङ सेवा निलम्बन हुन लागेको छ। [लिङ्क] मा गएर पहिचान पुष्टि गर्नुहोस्।,Phishing,NP,chatgpt
तपाईंको पार्सल रोकिएको छ। डेलिभरी शुल्क तिर्न https://नक्कली-लिङ्क.कम मा जानुहोस्।,Phishing,NP,chatgpt
सेवा सुधारका लागि नयाँ नीति लागू गरिएको छ। विवरण संलग्न गरिएको छ।,Safe,NP,chatgpt
हामीसँगको सहकार्यका लागि धन्यवाद। आगामी कार्यक्रममा भेटौंला।,Safe,NP,chatgpt
तपाईंको सामाजिक सञ्जाल खाता हटाइने अवस्थामा छ। बचाउन https://नक्कली-लिङ्क.कम मा लगइन गर्नुहोस्।,Phishing,NP,chatgpt
तपाईंको इमेलमा सुरक्षा समस्या पत्ता लागेको छ। तुरुन्त [लिङ्क] मा प्रमाणीकरण गर्नुहोस्।,Phishing,NP,chatgpt
तपाईंको इमेलमा सुरक्षा समस्या पत्ता लागेको छ। तुरुन्त [लिङ्क] मा प्रमाणीकरण गर्नुहोस्।,Phishing,NP,chatgpt
तपाईंको सदस्यता सफलतापूर्वक नवीकरण गरिएको छ। धन्यवाद।,Safe,NP,chatgpt
तपाईंको मोबाइल बैंकिङ सेवा निलम्बन हुन लागेको छ। [लिङ्क] मा गएर पहिचान पुष्टि गर्नुहोस्।,Phishing,NP,chatgpt
तपाईंको खाता अस्थायी रूपमा बन्द गरिएको छ। पुनः सक्रिय गर्न https://verify-nepal-secure.com खोल्नुहोस्।,Phishing,NP,chatgpt
तपाईंको सामाजिक सञ्जाल खाता हटाइने अवस्थामा छ। बचाउन [लिङ्क] मा लगइन गर्नुहोस्।,Phishing,NP,chatgpt
हामीसँगको सहकार्यका लागि धन्यवाद। आगामी कार्यक्रममा भेटौंला।,Safe,NP,chatgpt
तपाईंको पार्सल रोकिएको छ। डेलिभरी शुल्क तिर्न [लिङ्क] मा जानुहोस्।,Phishing,NP,chatgpt
भोलिको बैठक 01:27:35 बजेका लागि तय गरिएको छ। कृपया समयमै सहभागी हुनुहोस्।,Safe,NP,chatgpt
तपाईंको पासवर्ड सफलतापूर्वक परिवर्तन गरिएको छ। कुनै कार्य आवश्यक छैन।,Safe,NP,chatgpt
तपाईंको पासवर्ड सफलतापूर्वक परिवर्तन गरिएको छ। कुनै कार्य आवश्यक छैन।,Safe,NP,chatgpt
भुक्तानी असफल भएको कारण तपाईंको सेवा रोकिएको छ। https://delivery-check-now.org मा कार्ड विवरण अद्यावधिक गर्नुहोस्।,Phishing,NP,chatgpt
तपाईंको अर्डर #30926 सफलतापूर्वक पुष्टि गरिएको छ। अनुमानित डेलिभरी मिति 1988-08-20 हो।,Safe,NP,chatgpt
तपाईंको बैंक खातामा शंकास्पद गतिविधि भेटियो। तुरुन्त https://delivery-check-now.org मा गएर प्रमाणित गर्नुहोस्।,Phishing,NP,chatgpt
तपाईंले लटरी जित्नुभएको छ। पुरस्कार दाबी गर्न https://delivery-check-now.org मा जानुहोस्।,Phishing,NP,chatgpt
तपाईंको इमेलमा सुरक्षा समस्या पत्ता लागेको छ। तुरुन्त https://fakebank-update.net मा प्रमाणीकरण गर्नुहोस्।,Phishing,NP,chatgpt
हाम्रो मासिक समाचारपत्र पढ्नुभएकोमा धन्यवाद।,Safe,NP,chatgpt
तपाईंले लटरी जित्नुभएको छ। पुरस्कार दाबी गर्न [लिङ्क] मा जानुहोस्।,Phishing,NP,chatgpt
तपाईंले लटरी जित्नुभएको छ। पुरस्कार दाबी गर्न [लिङ्क] मा जानुहोस्।,Phishing,NP,chatgpt
भुक्तानी असफल भएको कारण तपाईंको सेवा रोकिएको छ। https://नक्कली-लिङ्क.कम मा कार्ड विवरण अद्यावधिक गर्नुहोस्।,Phishing,NP,chatgpt
तपाईंको मोबाइल बैंकिङ सेवा निलम्बन हुन लागेको छ। https://fakebank-update.net मा गएर पहिचान पुष्टि गर्नुहोस्।,Phishing,NP,chatgpt
तपाईंको मोबाइल बैंकिङ सेवा निलम्बन हुन लागेको छ। [लिङ्क] मा गएर पहिचान पुष्टि गर्नुहोस्।,Phishing,NP,chatgpt
तपाईंको पार्सल रोकिएको छ। डेलिभरी शुल्क तिर्न [लिङ्क] मा जानुहोस्।,Phishing,NP,chatgpt
भुक्तानी असफल भएको कारण तपाईंको सेवा रोकिएको छ। https://नक्कली-लिङ्क.कम मा कार्ड विवरण अद्यावधिक गर्नुहोस्।,Phishing,NP,chatgpt
तपाईंको मोबाइल बैंकिङ सेवा निलम्बन हुन लागेको छ। https://नक्कली-लिङ्क.कम मा गएर पहिचान पुष्टि गर्नुहोस्।,Phishing,NP,chatgpt
तपाईंको सदस्यता सफलतापूर्वक नवीकरण गरिएको छ। धन्यवाद।,Safe,NP,chatgpt
भुक्तानी असफल भएको कारण तपाईंको सेवा रोकिएको छ। [लिङ्क] मा कार्ड विवरण अद्यावधिक गर्नुहोस्।,Phishing,NP,chatgpt
तपाईंले लटरी जित्नुभएको छ। पुरस्कार दाबी गर्न https://verify-nepal-secure.com मा जानुहोस्।,Phishing,NP,chatgpt
तपाईंको पार्सल रोकिएको छ। डेलिभरी शुल्क तिर्न https://नक्कली-लिङ्क.कम मा जानुहोस्।,Phishing,NP,chatgpt
तपाईंको खाता अस्थायी रूपमा बन्द गरिएको छ। पुनः सक्रिय गर्न https://delivery-check-now.org खोल्नुहोस्।,Phishing,NP,chatgpt
तपाईंले लटरी जित्नुभएको छ। पुरस्कार दाबी गर्न https://नक्कली-लिङ्क.कम मा जानुहोस्।,Phishing,NP,chatgpt
सरकारी कर फिर्ता प्राप्त गर्न अहिले https://delivery-check-now.org मा आफ्नो विवरण अपडेट गर्नुहोस्।,Phishing,NP,chatgpt
भुक्तानी असफल भएको कारण तपाईंको सेवा रोकिएको छ। https://fakebank-update.net मा कार्ड विवरण अद्यावधिक गर्नुहोस्।,Phishing,NP,chatgpt
तपाईंको बैंक खातामा शंकास्पद गतिविधि भेटियो। तुरुन्त https://delivery-check-now.org मा गएर प्रमाणित गर्नुहोस्।,Phishing,NP,chatgpt
हाम्रो मासिक समाचारपत्र पढ्नुभएकोमा धन्यवाद।,Safe,NP,chatgpt
तपाईंको टिकट सफलतापूर्वक बुक गरिएको छ। यात्रा विवरण पछि पठाइनेछ।,Safe,NP,chatgpt
तपाईंको पार्सल वितरण प्रक्रियामा छ। कृपया प्रतीक्षा गर्नुहोस्।,Safe,NP,chatgpt
भुक्तानी असफल भएको कारण तपाईंको सेवा रोकिएको छ। https://verify-nepal-secure.com मा कार्ड विवरण अद्यावधिक गर्नुहोस्।,Phishing,NP,chatgpt
तपाईंको पार्सल वितरण प्रक्रियामा छ। कृपया प्रतीक्षा गर्नुहोस्।,Safe,NP,chatgpt
तपाईंको पार्सल रोकिएको छ। डेलिभरी शुल्क तिर्न https://delivery-check-now.org मा जानुहोस्।,Phishing,NP,chatgpt
हाम्रो मासिक समाचारपत्र पढ्नुभएकोमा धन्यवाद।,Safe,NP,chatgpt
असामान्य लगइन प्रयास भेटिएको छ। आफ्नो खाता सुरक्षित गर्न [लिङ्क] प्रयोग गर्नुहोस्।,Phishing,NP,chatgpt
तपाईंको पार्सल रोकिएको छ। डेलिभरी शुल्क तिर्न https://verify-nepal-secure.com मा जानुहोस्।,Phishing,NP,chatgpt
तपाईंको भुक्तानी सफलतापूर्वक प्राप्त भयो। रसिद संलग्न गरिएको छ।,Safe,NP,chatgpt
तपाईंको बैंक खातामा शंकास्पद गतिविधि भेटियो। तुरुन्त https://verify-nepal-secure.com मा गएर प्रमाणित गर्नुहोस्।,Phishing,NP,chatgpt
तपाईंको खाता अस्थायी रूपमा बन्द गरिएको छ। पुनः सक्रिय गर्न https://verify-nepal-secure.com खोल्नुहोस्।,Phishing,NP,chatgpt
तपाईंको पार्सल वितरण प्रक्रियामा छ। कृपया प्रतीक्षा गर्नुहोस्।,Safe,NP,chatgpt
तपाईंको मोबाइल बैंकिङ सेवा निलम्बन हुन लागेको छ। https://नक्कली-लिङ्क.कम मा गएर पहिचान पुष्टि गर्नुहोस्।,Phishing,NP,chatgpt
सेवा सुधारका लागि नयाँ नीति लागू गरिएको छ। विवरण संलग्न गरिएको छ।,Safe,NP,chatgpt
हामीसँगको सहकार्यका लागि धन्यवाद। आगामी कार्यक्रममा भेटौंला।,Safe,NP,chatgpt
तपाईंको अर्डर #14067 सफलतापूर्वक पुष्टि गरिएको छ। अनुमानित डेलिभरी मिति 1989-07-26 हो।,Safe,NP,chatgpt
भोलिको बैठक 03:29:07 बजेका लागि तय गरिएको छ। कृपया समयमै सहभागी हुनुहोस्।,Safe,NP,chatgpt
तपाईंको सदस्यता सफलतापूर्वक नवीकरण गरिएको छ। धन्यवाद।,Safe,NP,chatgpt
हाम्रो मासिक समाचारपत्र पढ्नुभएकोमा धन्यवाद।,Safe,NP,chatgpt
तपाईंको मोबाइल बैंकिङ सेवा निलम्बन हुन लागेको छ। https://नक्कली-लिङ्क.कम मा गएर पहिचान पुष्टि गर्नुहोस्।,Phishing,NP,chatgpt
तपाईंको सदस्यता सफलतापूर्वक नवीकरण गरिएको छ। धन्यवाद।,Safe,NP,chatgpt
तपाईंको पासवर्ड सफलतापूर्वक परिवर्तन गरिएको छ। कुनै कार्य आवश्यक छैन।,Safe,NP,chatgpt
तपाईंको अर्डर #69050 सफलतापूर्वक पुष्टि गरिएको छ। अनुमानित डेलिभरी मिति 2022-04-21 हो।,Safe,NP,chatgpt
भुक्तानी असफल भएको कारण तपाईंको सेवा रोकिएको छ। [लिङ्क] मा कार्ड विवरण अद्यावधिक गर्नुहोस्।,Phishing,NP,chatgpt
हाम्रो मासिक समाचारपत्र पढ्नुभएकोमा धन्यवाद।,Safe,NP,chatgpt
असामान्य लगइन प्रयास भेटिएको छ। आफ्नो खाता सुरक्षित गर्न [लिङ्क] प्रयोग गर्नुहोस्।,Phishing,NP,chatgpt
तपाईंको इमेलमा सुरक्षा समस्या पत्ता लागेको छ। तुरुन्त https://delivery-check-now.org मा प्रमाणीकरण गर्नुहोस्।,Phishing,NP,chatgpt
तपाईंको सदस्यता सफलतापूर्वक नवीकरण गरिएको छ। धन्यवाद।,Safe,NP,chatgpt
भुक्तानी असफल भएको कारण तपाईंको सेवा रोकिएको छ। https://fakebank-update.net मा कार्ड विवरण अद्यावधिक गर्नुहोस्।,Phishing,NP,chatgpt
तपाईंको भुक्तानी सफलतापूर्वक प्राप्त भयो। रसिद संलग्न गरिएको छ।,Safe,NP,chatgpt
असामान्य लगइन प्रयास भेटिएको छ। आफ्नो खाता सुरक्षित गर्न https://fakebank-update.net प्रयोग गर्नुहोस्।,Phishing,NP,chatgpt
तपाईंको टिकट सफलतापूर्वक बुक गरिएको छ। यात्रा विवरण पछि पठाइनेछ।,Safe,NP,chatgpt
भुक्तानी असफल भएको कारण तपाईंको सेवा रोकिएको छ। https://delivery-check-now.org मा कार्ड विवरण अद्यावधिक गर्नुहोस्।,Phishing,NP,chatgpt
तपाईंको खाता अस्थायी रूपमा बन्द गरिएको छ। पुनः सक्रिय गर्न [लिङ्क] खोल्नुहोस्।,Phishing,NP,chatgpt
तपाईंको पार्सल रोकिएको छ। डेलिभरी शुल्क तिर्न https://नक्कली-लिङ्क.कम मा जानुहोस्।,Phishing,NP,chatgpt
हाम्रो मासिक समाचारपत्र पढ्नुभएकोमा धन्यवाद।,Safe,NP,chatgpt
भुक्तानी असफल भएको कारण तपाईंको सेवा रोकिएको छ। https://नक्कली-लिङ्क.कम मा कार्ड विवरण अद्यावधिक गर्नुहोस्।,Phishing,NP,chatgpt
तपाईंको पासवर्ड सफलतापूर्वक परिवर्तन गरिएको छ। कुनै कार्य आवश्यक छैन।,Safe,NP,chatgpt
तपाईंको सामाजिक सञ्जाल खाता हटाइने अवस्थामा छ। बचाउन [लिङ्क] मा लगइन गर्नुहोस्।,Phishing,NP,chatgpt
सरकारी कर फिर्ता प्राप्त गर्न अहिले [लिङ्क] मा आफ्नो विवरण अपडेट गर्नुहोस्।,Phishing,NP,chatgpt
असामान्य लगइन प्रयास भेटिएको छ। आफ्नो खाता सुरक्षित गर्न https://fakebank-update.net प्रयोग गर्नुहोस्।,Phishing,NP,chatgpt
तपाईंको पार्सल वितरण प्रक्रियामा छ। कृपया प्रतीक्षा गर्नुहोस्।,Safe,NP,chatgpt
तपाईंको पासवर्ड सफलतापूर्वक परिवर्तन गरिएको छ। कुनै कार्य आवश्यक छैन।,Safe,NP,chatgpt
असामान्य लगइन प्रयास भेटिएको छ। आफ्नो खाता सुरक्षित गर्न https://verify-nepal-secure.com प्रयोग गर्नुहोस्।,Phishing,NP,chatgpt
भुक्तानी असफल भएको कारण तपाईंको सेवा रोकिएको छ। https://delivery-check-now.org मा कार्ड विवरण अद्यावधिक गर्नुहोस्।,Phishing,NP,chatgpt
सेवा सुधारका लागि नयाँ नीति लागू गरिएको छ। विवरण संलग्न गरिएको छ।,Safe,NP,chatgpt
तपाईंको खाता अस्थायी रूपमा बन्द गरिएको छ। पुनः सक्रिय गर्न https://verify-nepal-secure.com खोल्नुहोस्।,Phishing,NP,chatgpt
तपाईंको अर्डर #92578 सफलतापूर्वक पुष्टि गरिएको छ। अनुमानित डेलिभरी मिति 1979-12-26 हो।,Safe,NP,chatgpt
तपाईंको अर्डर #42092 सफलतापूर्वक पुष्टि गरिएको छ। अनुमानित डेलिभरी मिति 1979-04-21 हो।,Safe,NP,chatgpt
सेवा सुधारका लागि नयाँ नीति लागू गरिएको छ। विवरण संलग्न गरिएको छ।,Safe,NP,chatgpt
तपाईंको पार्सल रोकिएको छ। डेलिभरी शुल्क तिर्न https://fakebank-update.net मा जानुहोस्।,Phishing,NP,chatgpt
भोलिको बैठक 07:59:52 बजेका लागि तय गरिएको छ। कृपया समयमै सहभागी हुनुहोस्।,Safe,NP,chatgpt
तपाईंको पासवर्ड सफलतापूर्वक परिवर्तन गरिएको छ। कुनै कार्य आवश्यक छैन।,Safe,NP,chatgpt
सरकारी कर फिर्ता प्राप्त गर्न अहिले [लिङ्क] मा आफ्नो विवरण अपडेट गर्नुहोस्।,Phishing,NP,chatgpt
तपाईंले लटरी जित्नुभएको छ। पुरस्कार दाबी गर्न https://delivery-check-now.org मा जानुहोस्।,Phishing,NP,chatgpt
सरकारी कर फिर्ता प्राप्त गर्न अहिले https://fakebank-update.net मा आफ्नो विवरण अपडेट गर्नुहोस्।,Phishing,NP,chatgpt
सरकारी कर फिर्ता प्राप्त गर्न अहिले https://नक्कली-लिङ्क.कम मा आफ्नो विवरण अपडेट गर्नुहोस्।,Phishing,NP,chatgpt
तपाईंको अर्डर #82529 सफलतापूर्वक पुष्टि गरिएको छ। अनुमानित डेलिभरी मिति 1970-12-26 हो।,Safe,NP,chatgpt
तपाईंको पासवर्ड सफलतापूर्वक परिवर्तन गरिएको छ। कुनै कार्य आवश्यक छैन।,Safe,NP,chatgpt
तपाईंको पार्सल वितरण प्रक्रियामा छ। कृपया प्रतीक्षा गर्नुहोस्।,Safe,NP,chatgpt
तपाईंको पार्सल रोकिएको छ। डेलिभरी शुल्क तिर्न [लिङ्क] मा जानुहोस्।,Phishing,NP,chatgpt
भोलिको बैठक 01:10:09 बजेका लागि तय गरिएको छ। कृपया समयमै सहभागी हुनुहोस्।,Safe,NP,chatgpt
सेवा सुधारका लागि नयाँ नीति लागू गरिएको छ। विवरण संलग्न गरिएको छ।,Safe,NP,chatgpt
हामीसँगको सहकार्यका लागि धन्यवाद। आगामी कार्यक्रममा भेटौंला।,Safe,NP,chatgpt
असामान्य लगइन प्रयास भेटिएको छ। आफ्नो खाता सुरक्षित गर्न https://verify-nepal-secure.com प्रयोग गर्नुहोस्।,Phishing,NP,chatgpt
तपाईंको मोबाइल बैंकिङ सेवा निलम्बन हुन लागेको छ। https://verify-nepal-secure.com मा गएर पहिचान पुष्टि गर्नुहोस्।,Phishing,NP,chatgpt
तपाईंको टिकट सफलतापूर्वक बुक गरिएको छ। यात्रा विवरण पछि पठाइनेछ।,Safe,NP,chatgpt
भोलिको बैठक 20:19:24 बजेका लागि तय गरिएको छ। कृपया समयमै सहभागी हुनुहोस्।,Safe,NP,chatgpt
सेवा सुधारका लागि नयाँ नीति लागू गरिएको छ। विवरण संलग्न गरिएको छ।,Safe,NP,chatgpt
तपाईंले लटरी जित्नुभएको छ। पुरस्कार दाबी गर्न https://नक्कली-लिङ्क.कम मा जानुहोस्।,Phishing,NP,chatgpt
हामीसँगको सहकार्यका लागि धन्यवाद। आगामी कार्यक्रममा भेटौंला।,Safe,NP,chatgpt
तपाईंको मोबाइल बैंकिङ सेवा निलम्बन हुन लागेको छ। https://delivery-check-now.org मा गएर पहिचान पुष्टि गर्नुहोस्।,Phishing,NP,chatgpt
हामीसँगको सहकार्यका लागि धन्यवाद। आगामी कार्यक्रममा भेटौंला।,Safe,NP,chatgpt
असामान्य लगइन प्रयास भेटिएको छ। आफ्नो खाता सुरक्षित गर्न https://नक्कली-लिङ्क.कम प्रयोग गर्नुहोस्।,Phishing,NP,chatgpt
तपाईंको बैंक खातामा शंकास्पद गतिविधि भेटियो। तुरुन्त [लिङ्क] मा गएर प्रमाणित गर्नुहोस्।,Phishing,NP,chatgpt
सरकारी कर फिर्ता प्राप्त गर्न अहिले https://verify-nepal-secure.com मा आफ्नो विवरण अपडेट गर्नुहोस्।,Phishing,NP,chatgpt
तपाईंको पासवर्ड सफलतापूर्वक परिवर्तन गरिएको छ। कुनै कार्य आवश्यक छैन।,Safe,NP,chatgpt
हामीसँगको सहकार्यका लागि धन्यवाद। आगामी कार्यक्रममा भेटौंला।,Safe,NP,chatgpt
सरकारी कर फिर्ता प्राप्त गर्न अहिले https://नक्कली-लिङ्क.कम मा आफ्नो विवरण अपडेट गर्नुहोस्।,Phishing,NP,chatgpt
भोलिको बैठक 04:57:49 बजेका लागि तय गरिएको छ। कृपया समयमै सहभागी हुनुहोस्।,Safe,NP,chatgpt
तपाईंको बैंक खातामा शंकास्पद गतिविधि भेटियो। तुरुन्त https://fakebank-update.net मा गएर प्रमाणित गर्नुहोस्।,Phishing,NP,chatgpt
तपाईंको पार्सल वितरण प्रक्रियामा छ। कृपया प्रतीक्षा गर्नुहोस्।,Safe,NP,chatgpt
तपाईंको भुक्तानी सफलतापूर्वक प्राप्त भयो। रसिद संलग्न गरिएको छ।,Safe,NP,chatgpt
तपाईंको सामाजिक सञ्जाल खाता हटाइने अवस्थामा छ। बचाउन https://fakebank-update.net मा लगइन गर्नुहोस्।,Phishing,NP,chatgpt
हामीसँगको सहकार्यका लागि धन्यवाद। आगामी कार्यक्रममा भेटौंला।,Safe,NP,chatgpt
तपाईंको खाता अस्थायी रूपमा बन्द गरिएको छ। पुनः सक्रिय गर्न https://fakebank-update.net खोल्नुहोस्।,Phishing,NP,chatgpt
तपाईंको पासवर्ड सफलतापूर्वक परिवर्तन गरिएको छ। कुनै कार्य आवश्यक छैन।,Safe,NP,chatgpt
तपाईंको सामाजिक सञ्जाल खाता हटाइने अवस्थामा छ। बचाउन [लिङ्क] मा लगइन गर्नुहोस्।,Phishing,NP,chatgpt
तपाईंको सदस्यता सफलतापूर्वक नवीकरण गरिएको छ। धन्यवाद।,Safe,NP,chatgpt
तपाईंको मोबाइल बैंकिङ सेवा निलम्बन हुन लागेको छ। https://delivery-check-now.org मा गएर पहिचान पुष्टि गर्नुहोस्।,Phishing,NP,chatgpt
हामीसँगको सहकार्यका लागि धन्यवाद। आगामी कार्यक्रममा भेटौंला।,Safe,NP,chatgpt
तपाईंले लटरी जित्नुभएको छ। पुरस्कार दाबी गर्न [लिङ्क] मा जानुहोस्।,Phishing,NP,chatgpt
तपाईंको टिकट सफलतापूर्वक बुक गरिएको छ। यात्रा विवरण पछि पठाइनेछ।,Safe,NP,chatgpt
तपाईंको सदस्यता सफलतापूर्वक नवीकरण गरिएको छ। धन्यवाद।,Safe,NP,chatgpt
हाम्रो मासिक समाचारपत्र पढ्नुभएकोमा धन्यवाद।,Safe,NP,chatgpt
तपाईंको पार्सल वितरण प्रक्रियामा छ। कृपया प्रतीक्षा गर्नुहोस्।,Safe,NP,chatgpt
तपाईंको सामाजिक सञ्जाल खाता हटाइने अवस्थामा छ। बचाउन https://नक्कली-लिङ्क.कम मा लगइन गर्नुहोस्।,Phishing,NP,chatgpt
तपाईंको बैंक खातामा शंकास्पद गतिविधि भेटियो। तुरुन्त https://verify-nepal-secure.com मा गएर प्रमाणित गर्नुहोस्।,Phishing,NP,chatgpt
तपाईंले लटरी जित्नुभएको छ। पुरस्कार दाबी गर्न https://delivery-check-now.org मा जानुहोस्।,Phishing,NP,chatgpt
तपाईंको भुक्तानी सफलतापूर्वक प्राप्त भयो। रसिद संलग्न गरिएको छ।,Safe,NP,chatgpt
हाम्रो मासिक समाचारपत्र पढ्नुभएकोमा धन्यवाद।,Safe,NP,chatgpt
तपाईंको मोबाइल बैंकिङ सेवा निलम्बन हुन लागेको छ। https://fakebank-update.net मा गएर पहिचान पुष्टि गर्नुहोस्।,Phishing,NP,chatgpt
सेवा सुधारका लागि नयाँ नीति लागू गरिएको छ। विवरण संलग्न गरिएको छ।,Safe,NP,chatgpt
तपाईंको मोबाइल बैंकिङ सेवा निलम्बन हुन लागेको छ। [लिङ्क] मा गएर पहिचान पुष्टि गर्नुहोस्।,Phishing,NP,chatgpt
असामान्य लगइन प्रयास भेटिएको छ। आफ्नो खाता सुरक्षित गर्न https://नक्कली-लिङ्क.कम प्रयोग गर्नुहोस्।,Phishing,NP,chatgpt
तपाईंको भुक्तानी सफलतापूर्वक प्राप्त भयो। रसिद संलग्न गरिएको छ।,Safe,NP,chatgpt
असामान्य लगइन प्रयास भेटिएको छ। आफ्नो खाता सुरक्षित गर्न https://delivery-check-now.org प्रयोग गर्नुहोस्।,Phishing,NP,chatgpt
हामीसँगको सहकार्यका लागि धन्यवाद। आगामी कार्यक्रममा भेटौंला।,Safe,NP,chatgpt
तपाईंको इमेलमा सुरक्षा समस्या पत्ता लागेको छ। तुरुन्त https://verify-nepal-secure.com मा प्रमाणीकरण गर्नुहोस्।,Phishing,NP,chatgpt
तपाईंले लटरी जित्नुभएको छ। पुरस्कार दाबी गर्न https://verify-nepal-secure.com मा जानुहोस्।,Phishing,NP,chatgpt
भुक्तानी असफल भएको कारण तपाईंको सेवा रोकिएको छ। [लिङ्क] मा कार्ड विवरण अद्यावधिक गर्नुहोस्।,Phishing,NP,chatgpt
तपाईंको इमेलमा सुरक्षा समस्या पत्ता लागेको छ। तुरुन्त https://delivery-check-now.org मा प्रमाणीकरण गर्नुहोस्।,Phishing,NP,chatgpt
भुक्तानी असफल भएको कारण तपाईंको सेवा रोकिएको छ। https://delivery-check-now.org मा कार्ड विवरण अद्यावधिक गर्नुहोस्।,Phishing,NP,chatgpt
भुक्तानी असफल भएको कारण तपाईंको सेवा रोकिएको छ। [लिङ्क] मा कार्ड विवरण अद्यावधिक गर्नुहोस्।,Phishing,NP,chatgpt
तपाईंको टिकट सफलतापूर्वक बुक गरिएको छ। यात्रा विवरण पछि पठाइनेछ।,Safe,NP,chatgpt
हाम्रो मासिक समाचारपत्र पढ्नुभएकोमा धन्यवाद।,Safe,NP,chatgpt
हामीसँगको सहकार्यका लागि धन्यवाद। आगामी कार्यक्रममा भेटौंला।,Safe,NP,chatgpt
तपाईंको इमेलमा सुरक्षा समस्या पत्ता लागेको छ। तुरुन्त https://fakebank-update.net मा प्रमाणीकरण गर्नुहोस्।,Phishing,NP,chatgpt
सरकारी कर फिर्ता प्राप्त गर्न अहिले https://delivery-check-now.org मा आफ्नो विवरण अपडेट गर्नुहोस्।,Phishing,NP,chatgpt
तपाईंको सामाजिक सञ्जाल खाता हटाइने अवस्थामा छ। बचाउन https://verify-nepal-secure.com मा लगइन गर्नुहोस्।,Phishing,NP,chatgpt
तपाईंको भुक्तानी सफलतापूर्वक प्राप्त भयो। रसिद संलग्न गरिएको छ।,Safe,NP,chatgpt
तपाईंको सामाजिक सञ्जाल खाता हटाइने अवस्थामा छ। बचाउन https://नक्कली-लिङ्क.कम मा लगइन गर्नुहोस्।,Phishing,NP,chatgpt
हामीसँगको सहकार्यका लागि धन्यवाद। आगामी कार्यक्रममा भेटौंला।,Safe,NP,chatgpt
तपाईंको अर्डर #97538 सफलतापूर्वक पुष्टि गरिएको छ। अनुमानित डेलिभरी मिति 2004-07-12 हो।,Safe,NP,chatgpt
असामान्य लगइन प्रयास भेटिएको छ। आफ्नो खाता सुरक्षित गर्न https://नक्कली-लिङ्क.कम प्रयोग गर्नुहोस्।,Phishing,NP,chatgpt
तपाईंले लटरी जित्नुभएको छ। पुरस्कार दाबी गर्न https://fakebank-update.net मा जानुहोस्।,Phishing,NP,chatgpt
तपाईंको पासवर्ड सफलतापूर्वक परिवर्तन गरिएको छ। कुनै कार्य आवश्यक छैन।,Safe,NP,chatgpt
तपाईंको बैंक खातामा शंकास्पद गतिविधि भेटियो। तुरुन्त https://fakebank-update.net मा गएर प्रमाणित गर्नुहोस्।,Phishing,NP,chatgpt
तपाईंको पार्सल रोकिएको छ। डेलिभरी शुल्क तिर्न https://नक्कली-लिङ्क.कम मा जानुहोस्।,Phishing,NP,chatgpt
हामीसँगको सहकार्यका लागि धन्यवाद। आगामी कार्यक्रममा भेटौंला।,Safe,NP,chatgpt
तपाईंको पार्सल रोकिएको छ। डेलिभरी शुल्क तिर्न [लिङ्क] मा जानुहोस्।,Phishing,NP,chatgpt
तपाईंको सामाजिक सञ्जाल खाता हटाइने अवस्थामा छ। बचाउन [लिङ्क] मा लगइन गर्नुहोस्।,Phishing,NP,chatgpt
भोलिको बैठक 10:12:25 बजेका लागि तय गरिएको छ। कृपया समयमै सहभागी हुनुहोस्।,Safe,NP,chatgpt
तपाईंको सदस्यता सफलतापूर्वक नवीकरण गरिएको छ। धन्यवाद।,Safe,NP,chatgpt
असामान्य लगइन प्रयास भेटिएको छ। आफ्नो खाता सुरक्षित गर्न https://नक्कली-लिङ्क.कम प्रयोग गर्नुहोस्।,Phishing,NP,chatgpt
तपाईंको पासवर्ड सफलतापूर्वक परिवर्तन गरिएको छ। कुनै कार्य आवश्यक छैन।,Safe,NP,chatgpt
भोलिको बैठक 00:33:20 बजेका लागि तय गरिएको छ। कृपया समयमै सहभागी हुनुहोस्।,Safe,NP,chatgpt
तपाईंको अर्डर #36794 सफलतापूर्वक पुष्टि गरिएको छ। अनुमानित डेलिभरी मिति 1980-10-14 हो।,Safe,NP,chatgpt
सरकारी कर फिर्ता प्राप्त गर्न अहिले https://fakebank-update.net मा आफ्नो विवरण अपडेट गर्नुहोस्।,Phishing,NP,chatgpt
हामीसँगको सहकार्यका लागि धन्यवाद। आगामी कार्यक्रममा भेटौंला।,Safe,NP,chatgpt
तपाईंको भुक्तानी सफलतापूर्वक प्राप्त भयो। रसिद संलग्न गरिएको छ।,Safe,NP,chatgpt
भोलिको बैठक 16:06:53 बजेका लागि तय गरिएको छ। कृपया समयमै सहभागी हुनुहोस्।,Safe,NP,chatgpt
तपाईंको खाता अस्थायी रूपमा बन्द गरिएको छ। पुनः सक्रिय गर्न [लिङ्क] खोल्नुहोस्।,Phishing,NP,chatgpt
तपाईंको खाता अस्थायी रूपमा बन्द गरिएको छ। पुनः सक्रिय गर्न https://delivery-check-now.org खोल्नुहोस्।,Phishing,NP,chatgpt
तपाईंको मोबाइल बैंकिङ सेवा निलम्बन हुन लागेको छ। https://नक्कली-लिङ्क.कम मा गएर पहिचान पुष्टि गर्नुहोस्।,Phishing,NP,chatgpt
सरकारी कर फिर्ता प्राप्त गर्न अहिले https://verify-nepal-secure.com मा आफ्नो विवरण अपडेट गर्नुहोस्।,Phishing,NP,chatgpt
तपाईंको भुक्तानी सफलतापूर्वक प्राप्त भयो। रसिद संलग्न गरिएको छ।,Safe,NP,chatgpt
भोलिको बैठक 10:19:34 बजेका लागि तय गरिएको छ। कृपया समयमै सहभागी हुनुहोस्।,Safe,NP,chatgpt
तपाईंको अर्डर #84177 सफलतापूर्वक पुष्टि गरिएको छ। अनुमानित डेलिभरी मिति 2005-01-25 हो।,Safe,NP,chatgpt
असामान्य लगइन प्रयास भेटिएको छ। आफ्नो खाता सुरक्षित गर्न https://delivery-check-now.org प्रयोग गर्नुहोस्।,Phishing,NP,chatgpt
तपाईंले लटरी जित्नुभएको छ। पुरस्कार दाबी गर्न https://नक्कली-लिङ्क.कम मा जानुहोस्।,Phishing,NP,chatgpt
तपाईंको सामाजिक सञ्जाल खाता हटाइने अवस्थामा छ। बचाउन [लिङ्क] मा लगइन गर्नुहोस्।,Phishing,NP,chatgpt
तपाईंले लटरी जित्नुभएको छ। पुरस्कार दाबी गर्न https://fakebank-update.net मा जानुहोस्।,Phishing,NP,chatgpt
भुक्तानी असफल भएको कारण तपाईंको सेवा रोकिएको छ। https://नक्कली-लिङ्क.कम मा कार्ड विवरण अद्यावधिक गर्नुहोस्।,Phishing,NP,chatgpt
तपाईंको भुक्तानी सफलतापूर्वक प्राप्त भयो। रसिद संलग्न गरिएको छ।,Safe,NP,chatgpt
तपाईंको इमेलमा सुरक्षा समस्या पत्ता लागेको छ। तुरुन्त [लिङ्क] मा प्रमाणीकरण गर्नुहोस्।,Phishing,NP,chatgpt
तपाईंको पार्सल वितरण प्रक्रियामा छ। कृपया प्रतीक्षा गर्नुहोस्।,Safe,NP,chatgpt
असामान्य लगइन प्रयास भेटिएको छ। आफ्नो खाता सुरक्षित गर्न https://fakebank-update.net प्रयोग गर्नुहोस्।,Phishing,NP,chatgpt
तपाईंको इमेलमा सुरक्षा समस्या पत्ता लागेको छ। तुरुन्त https://delivery-check-now.org मा प्रमाणीकरण गर्नुहोस्।,Phishing,NP,chatgpt
तपाईंले लटरी जित्नुभएको छ। पुरस्कार दाबी गर्न https://fakebank-update.net मा जानुहोस्।,Phishing,NP,chatgpt
हामीसँगको सहकार्यका लागि धन्यवाद। आगामी कार्यक्रममा भेटौंला।,Safe,NP,chatgpt
तपाईंको इमेलमा सुरक्षा समस्या पत्ता लागेको छ। तुरुन्त [लिङ्क] मा प्रमाणीकरण गर्नुहोस्।,Phishing,NP,chatgpt
तपाईंको इमेलमा सुरक्षा समस्या पत्ता लागेको छ। तुरुन्त https://नक्कली-लिङ्क.कम मा प्रमाणीकरण गर्नुहोस्।,Phishing,NP,chatgpt
तपाईंको टिकट सफलतापूर्वक बुक गरिएको छ। यात्रा विवरण पछि पठाइनेछ।,Safe,NP,chatgpt
असामान्य लगइन प्रयास भेटिएको छ। आफ्नो खाता सुरक्षित गर्न https://fakebank-update.net प्रयोग गर्नुहोस्।,Phishing,NP,chatgpt
हामीसँगको सहकार्यका लागि धन्यवाद। आगामी कार्यक्रममा भेटौंला।,Safe,NP,chatgpt
सेवा सुधारका लागि नयाँ नीति लागू गरिएको छ। विवरण संलग्न गरिएको छ।,Safe,NP,chatgpt
तपाईंको टिकट सफलतापूर्वक बुक गरिएको छ। यात्रा विवरण पछि पठाइनेछ।,Safe,NP,chatgpt
भुक्तानी असफल भएको कारण तपाईंको सेवा रोकिएको छ। https://fakebank-update.net मा कार्ड विवरण अद्यावधिक गर्नुहोस्।,Phishing,NP,chatgpt
तपाईंको सामाजिक सञ्जाल खाता हटाइने अवस्थामा छ। बचाउन https://नक्कली-लिङ्क.कम मा लगइन गर्नुहोस्।,Phishing,NP,chatgpt
तपाईंले लटरी जित्नुभएको छ। पुरस्कार दाबी गर्न [लिङ्क] मा जानुहोस्।,Phishing,NP,chatgpt
असामान्य लगइन प्रयास भेटिएको छ। आफ्नो खाता सुरक्षित गर्न https://fakebank-update.net प्रयोग गर्नुहोस्।,Phishing,NP,chatgpt
तपाईंको पार्सल वितरण प्रक्रियामा छ। कृपया प्रतीक्षा गर्नुहोस्।,Safe,NP,chatgpt
तपाईंको टिकट सफलतापूर्वक बुक गरिएको छ। यात्रा विवरण पछि पठाइनेछ।,Safe,NP,chatgpt
तपाईंले लटरी जित्नुभएको छ। पुरस्कार दाबी गर्न https://fakebank-update.net मा जानुहोस्।,Phishing,NP,chatgpt
हामीसँगको सहकार्यका लागि धन्यवाद। आगामी कार्यक्रममा भेटौंला।,Safe,NP,chatgpt
तपाईंको मोबाइल बैंकिङ सेवा निलम्बन हुन लागेको छ। https://नक्कली-लिङ्क.कम मा गएर पहिचान पुष्टि गर्नुहोस्।,Phishing,NP,chatgpt
तपाईंको सदस्यता सफलतापूर्वक नवीकरण गरिएको छ। धन्यवाद।,Safe,NP,chatgpt
तपाईंको बैंक खातामा शंकास्पद गतिविधि भेटियो। तुरुन्त https://verify-nepal-secure.com मा गएर प्रमाणित गर्नुहोस्।,Phishing,NP,chatgpt
तपाईंको इमेलमा सुरक्षा समस्या पत्ता लागेको छ। तुरुन्त https://fakebank-update.net मा प्रमाणीकरण गर्नुहोस्।,Phishing,NP,chatgpt
तपाईंको अर्डर #49893 सफलतापूर्वक पुष्टि गरिएको छ। अनुमानित डेलिभरी मिति 1994-07-07 हो।,Safe,NP,chatgpt
भुक्तानी असफल भएको कारण तपाईंको सेवा रोकिएको छ। https://delivery-check-now.org मा कार्ड विवरण अद्यावधिक गर्नुहोस्।,Phishing,NP,chatgpt
तपाईंको टिकट सफलतापूर्वक बुक गरिएको छ। यात्रा विवरण पछि पठाइनेछ।,Safe,NP,chatgpt
सरकारी कर फिर्ता प्राप्त गर्न अहिले https://verify-nepal-secure.com मा आफ्नो विवरण अपडेट गर्नुहोस्।,Phishing,NP,chatgpt
भुक्तानी असफल भएको कारण तपाईंको सेवा रोकिएको छ। https://verify-nepal-secure.com मा कार्ड विवरण अद्यावधिक गर्नुहोस्।,Phishing,NP,chatgpt
सरकारी कर फिर्ता प्राप्त गर्न अहिले https://fakebank-update.net मा आफ्नो विवरण अपडेट गर्नुहोस्।,Phishing,NP,chatgpt
तपाईंको बैंक खातामा शंकास्पद गतिविधि भेटियो। तुरुन्त https://verify-nepal-secure.com मा गएर प्रमाणित गर्नुहोस्।,Phishing,NP,chatgpt
सेवा सुधारका लागि नयाँ नीति लागू गरिएको छ। विवरण संलग्न गरिएको छ।,Safe,NP,chatgpt
तपाईंको सामाजिक सञ्जाल खाता हटाइने अवस्थामा छ। बचाउन [लिङ्क] मा लगइन गर्नुहोस्।,Phishing,NP,chatgpt
तपाईंको खाता अस्थायी रूपमा बन्द गरिएको छ। पुनः सक्रिय गर्न https://नक्कली-लिङ्क.कम खोल्नुहोस्।,Phishing,NP,chatgpt
तपाईंको मोबाइल बैंकिङ सेवा निलम्बन हुन लागेको छ। https://fakebank-update.net मा गएर पहिचान पुष्टि गर्नुहोस्।,Phishing,NP,chatgpt
तपाईंको पार्सल रोकिएको छ। डेलिभरी शुल्क तिर्न https://fakebank-update.net मा जानुहोस्।,Phishing,NP,chatgpt
असामान्य लगइन प्रयास भेटिएको छ। आफ्नो खाता सुरक्षित गर्न https://fakebank-update.net प्रयोग गर्नुहोस्।,Phishing,NP,chatgpt
तपाईंको पासवर्ड सफलतापूर्वक परिवर्तन गरिएको छ। कुनै कार्य आवश्यक छैन।,Safe,NP,chatgpt
तपाईंको अर्डर #53713 सफलतापूर्वक पुष्टि गरिएको छ। अनुमानित डेलिभरी मिति 1985-12-18 हो।,Safe,NP,chatgpt
तपाईंको पार्सल वितरण प्रक्रियामा छ। कृपया प्रतीक्षा गर्नुहोस्।,Safe,NP,chatgpt
तपाईंको मोबाइल बैंकिङ सेवा निलम्बन हुन लागेको छ। https://नक्कली-लिङ्क.कम मा गएर पहिचान पुष्टि गर्नुहोस्।,Phishing,NP,chatgpt
असामान्य लगइन प्रयास भेटिएको छ। आफ्नो खाता सुरक्षित गर्न https://नक्कली-लिङ्क.कम प्रयोग गर्नुहोस्।,Phishing,NP,chatgpt
तपाईंको बैंक खातामा शंकास्पद गतिविधि भेटियो। तुरुन्त https://verify-nepal-secure.com मा गएर प्रमाणित गर्नुहोस्।,Phishing,NP,chatgpt
सेवा सुधारका लागि नयाँ नीति लागू गरिएको छ। विवरण संलग्न गरिएको छ।,Safe,NP,chatgpt
तपाईंले लटरी जित्नुभएको छ। पुरस्कार दाबी गर्न https://verify-nepal-secure.com मा जानुहोस्।,Phishing,NP,chatgpt
तपाईंको पार्सल रोकिएको छ। डेलिभरी शुल्क तिर्न https://verify-nepal-secure.com मा जानुहोस्।,Phishing,NP,chatgpt
तपाईंको इमेलमा सुरक्षा समस्या पत्ता लागेको छ। तुरुन्त https://delivery-check-now.org मा प्रमाणीकरण गर्नुहोस्।,Phishing,NP,chatgpt
हाम्रो मासिक समाचारपत्र पढ्नुभएकोमा धन्यवाद।,Safe,NP,chatgpt
तपाईंको इमेलमा सुरक्षा समस्या पत्ता लागेको छ। तुरुन्त https://verify-nepal-secure.com मा प्रमाणीकरण गर्नुहोस्।,Phishing,NP,chatgpt
तपाईंको इमेलमा सुरक्षा समस्या पत्ता लागेको छ। तुरुन्त [लिङ्क] मा प्रमाणीकरण गर्नुहोस्।,Phishing,NP,chatgpt
तपाईंको पार्सल रोकिएको छ। डेलिभरी शुल्क तिर्न [लिङ्क] मा जानुहोस्।,Phishing,NP,chatgpt
तपाईंको पार्सल रोकिएको छ। डेलिभरी शुल्क तिर्न [लिङ्क] मा जानुहोस्।,Phishing,NP,chatgpt
हामीसँगको सहकार्यका लागि धन्यवाद। आगामी कार्यक्रममा भेटौंला।,Safe,NP,chatgpt
तपाईंको पासवर्ड सफलतापूर्वक परिवर्तन गरिएको छ। कुनै कार्य आवश्यक छैन।,Safe,NP,chatgpt
तपाईंको खाता अस्थायी रूपमा बन्द गरिएको छ। पुनः सक्रिय गर्न https://verify-nepal-secure.com खोल्नुहोस्।,Phishing,NP,chatgpt
तपाईंको पासवर्ड सफलतापूर्वक परिवर्तन गरिएको छ। कुनै कार्य आवश्यक छैन।,Safe,NP,chatgpt
तपाईंको पार्सल वितरण प्रक्रियामा छ। कृपया प्रतीक्षा गर्नुहोस्।,Safe,NP,chatgpt
तपाईंको टिकट सफलतापूर्वक बुक गरिएको छ। यात्रा विवरण पछि पठाइनेछ।,Safe,NP,chatgpt
हामीसँगको सहकार्यका लागि धन्यवाद। आगामी कार्यक्रममा भेटौंला।,Safe,NP,chatgpt
तपाईंको सदस्यता सफलतापूर्वक नवीकरण गरिएको छ। धन्यवाद।,Safe,NP,chatgpt
सेवा सुधारका लागि नयाँ नीति लागू गरिएको छ। विवरण संलग्न गरिएको छ।,Safe,NP,chatgpt
तपाईंले लटरी जित्नुभएको छ। पुरस्कार दाबी गर्न https://नक्कली-लिङ्क.कम मा जानुहोस्।,Phishing,NP,chatgpt
तपाईंको सामाजिक सञ्जाल खाता हटाइने अवस्थामा छ। बचाउन https://delivery-check-now.org मा लगइन गर्नुहोस्।,Phishing,NP,chatgpt
तपाईंको पार्सल वितरण प्रक्रियामा छ। कृपया प्रतीक्षा गर्नुहोस्।,Safe,NP,chatgpt
हामीसँगको सहकार्यका लागि धन्यवाद। आगामी कार्यक्रममा भेटौंला।,Safe,NP,chatgpt
भुक्तानी असफल भएको कारण तपाईंको सेवा रोकिएको छ। https://नक्कली-लिङ्क.कम मा कार्ड विवरण अद्यावधिक गर्नुहोस्।,Phishing,NP,chatgpt
सेवा सुधारका लागि नयाँ नीति लागू गरिएको छ। विवरण संलग्न गरिएको छ।,Safe,NP,chatgpt
भुक्तानी असफल भएको कारण तपाईंको सेवा रोकिएको छ। [लिङ्क] मा कार्ड विवरण अद्यावधिक गर्नुहोस्।,Phishing,NP,chatgpt
तपाईंको सदस्यता सफलतापूर्वक नवीकरण गरिएको छ। धन्यवाद।,Safe,NP,chatgpt
तपाईंको खाता अस्थायी रूपमा बन्द गरिएको छ। पुनः सक्रिय गर्न [लिङ्क] खोल्नुहोस्।,Phishing,NP,chatgpt
असामान्य लगइन प्रयास भेटिएको छ। आफ्नो खाता सुरक्षित गर्न https://नक्कली-लिङ्क.कम प्रयोग गर्नुहोस्।,Phishing,NP,chatgpt
भोलिको बैठक 11:49:49 बजेका लागि तय गरिएको छ। कृपया समयमै सहभागी हुनुहोस्।,Safe,NP,chatgpt
हाम्रो मासिक समाचारपत्र पढ्नुभएकोमा धन्यवाद।,Safe,NP,chatgpt
तपाईंको सदस्यता सफलतापूर्वक नवीकरण गरिएको छ। धन्यवाद।,Safe,NP,chatgpt
तपाईंले लटरी जित्नुभएको छ। पुरस्कार दाबी गर्न https://नक्कली-लिङ्क.कम मा जानुहोस्।,Phishing,NP,chatgpt
तपाईंको सामाजिक सञ्जाल खाता हटाइने अवस्थामा छ। बचाउन https://verify-nepal-secure.com मा लगइन गर्नुहोस्।,Phishing,NP,chatgpt
तपाईंको खाता अस्थायी रूपमा बन्द गरिएको छ। पुनः सक्रिय गर्न https://नक्कली-लिङ्क.कम खोल्नुहोस्।,Phishing,NP,chatgpt
तपाईंको पासवर्ड सफलतापूर्वक परिवर्तन गरिएको छ। कुनै कार्य आवश्यक छैन।,Safe,NP,chatgpt
तपाईंको टिकट सफलतापूर्वक बुक गरिएको छ। यात्रा विवरण पछि पठाइनेछ।,Safe,NP,chatgpt
भोलिको बैठक 20:14:52 बजेका लागि तय गरिएको छ। कृपया समयमै सहभागी हुनुहोस्।,Safe,NP,chatgpt
तपाईंको इमेलमा सुरक्षा समस्या पत्ता लागेको छ। तुरुन्त https://नक्कली-लिङ्क.कम मा प्रमाणीकरण गर्नुहोस्।,Phishing,NP,chatgpt
हामीसँगको सहकार्यका लागि धन्यवाद। आगामी कार्यक्रममा भेटौंला।,Safe,NP,chatgpt
हाम्रो मासिक समाचारपत्र पढ्नुभएकोमा धन्यवाद।,Safe,NP,chatgpt
तपाईंको मोबाइल बैंकिङ सेवा निलम्बन हुन लागेको छ। [लिङ्क] मा गएर पहिचान पुष्टि गर्नुहोस्।,Phishing,NP,chatgpt
तपाईंको पार्सल वितरण प्रक्रियामा छ। कृपया प्रतीक्षा गर्नुहोस्।,Safe,NP,chatgpt
तपाईंको बैंक खातामा शंकास्पद गतिविधि भेटियो। तुरुन्त [लिङ्क] मा गएर प्रमाणित गर्नुहोस्।,Phishing,NP,chatgpt
तपाईंको सामाजिक सञ्जाल खाता हटाइने अवस्थामा छ। बचाउन https://fakebank-update.net मा लगइन गर्नुहोस्।,Phishing,NP,chatgpt
भोलिको बैठक 10:44:00 बजेका लागि तय गरिएको छ। कृपया समयमै सहभागी हुनुहोस्।,Safe,NP,chatgpt
हाम्रो मासिक समाचारपत्र पढ्नुभएकोमा धन्यवाद।,Safe,NP,chatgpt
हाम्रो मासिक समाचारपत्र पढ्नुभएकोमा धन्यवाद।,Safe,NP,chatgpt
सेवा सुधारका लागि नयाँ नीति लागू गरिएको छ। विवरण संलग्न गरिएको छ।,Safe,NP,chatgpt
तपाईंले लटरी जित्नुभएको छ। पुरस्कार दाबी गर्न https://fakebank-update.net मा जानुहोस्।,Phishing,NP,chatgpt
हामीसँगको सहकार्यका लागि धन्यवाद। आगामी कार्यक्रममा भेटौंला।,Safe,NP,chatgpt
सरकारी कर फिर्ता प्राप्त गर्न अहिले https://fakebank-update.net मा आफ्नो विवरण अपडेट गर्नुहोस्।,Phishing,NP,chatgpt
तपाईंको पार्सल वितरण प्रक्रियामा छ। कृपया प्रतीक्षा गर्नुहोस्।,Safe,NP,chatgpt
तपाईंको मोबाइल बैंकिङ सेवा निलम्बन हुन लागेको छ। https://verify-nepal-secure.com मा गएर पहिचान पुष्टि गर्नुहोस्।,Phishing,NP,chatgpt
तपाईंको सामाजिक सञ्जाल खाता हटाइने अवस्थामा छ। बचाउन https://verify-nepal-secure.com मा लगइन गर्नुहोस्।,Phishing,NP,chatgpt
तपाईंको इमेलमा सुरक्षा समस्या पत्ता लागेको छ। तुरुन्त https://verify-nepal-secure.com मा प्रमाणीकरण गर्नुहोस्।,Phishing,NP,chatgpt
तपाईंको बैंक खातामा शंकास्पद गतिविधि भेटियो। तुरुन्त https://fakebank-update.net मा गएर प्रमाणित गर्नुहोस्।,Phishing,NP,chatgpt
तपाईंको भुक्तानी सफलतापूर्वक प्राप्त भयो। रसिद संलग्न गरिएको छ।,Safe,NP,chatgpt
तपाईंको टिकट सफलतापूर्वक बुक गरिएको छ। यात्रा विवरण पछि पठाइनेछ।,Safe,NP,chatgpt
भोलिको बैठक 08:48:05 बजेका लागि तय गरिएको छ। कृपया समयमै सहभागी हुनुहोस्।,Safe,NP,chatgpt
तपाईंको मोबाइल बैंकिङ सेवा निलम्बन हुन लागेको छ। https://नक्कली-लिङ्क.कम मा गएर पहिचान पुष्टि गर्नुहोस्।,Phishing,NP,chatgpt
तपाईंको बैंक खातामा शंकास्पद गतिविधि भेटियो। तुरुन्त https://नक्कली-लिङ्क.कम मा गएर प्रमाणित गर्नुहोस्।,Phishing,NP,chatgpt
सरकारी कर फिर्ता प्राप्त गर्न अहिले https://delivery-check-now.org मा आफ्नो विवरण अपडेट गर्नुहोस्।,Phishing,NP,chatgpt
सरकारी कर फिर्ता प्राप्त गर्न अहिले https://delivery-check-now.org मा आफ्नो विवरण अपडेट गर्नुहोस्।,Phishing,NP,chatgpt
हामीसँगको सहकार्यका लागि धन्यवाद। आगामी कार्यक्रममा भेटौंला।,Safe,NP,chatgpt
तपाईंले लटरी जित्नुभएको छ। पुरस्कार दाबी गर्न https://fakebank-update.net मा जानुहोस्।,Phishing,NP,chatgpt
तपाईंको टिकट सफलतापूर्वक बुक गरिएको छ। यात्रा विवरण पछि पठाइनेछ।,Safe,NP,chatgpt
तपाईंको मोबाइल बैंकिङ सेवा निलम्बन हुन लागेको छ। https://नक्कली-लिङ्क.कम मा गएर पहिचान पुष्टि गर्नुहोस्।,Phishing,NP,chatgpt
तपाईंको मोबाइल बैंकिङ सेवा निलम्बन हुन लागेको छ। [लिङ्क] मा गएर पहिचान पुष्टि गर्नुहोस्।,Phishing,NP,chatgpt
तपाईंको खाता अस्थायी रूपमा बन्द गरिएको छ। पुनः सक्रिय गर्न https://fakebank-update.net खोल्नुहोस्।,Phishing,NP,chatgpt
तपाईंको सामाजिक सञ्जाल खाता हटाइने अवस्थामा छ। बचाउन https://fakebank-update.net मा लगइन गर्नुहोस्।,Phishing,NP,chatgpt
भोलिको बैठक 23:09:35 बजेका लागि तय गरिएको छ। कृपया समयमै सहभागी हुनुहोस्।,Safe,NP,chatgpt
तपाईंको टिकट सफलतापूर्वक बुक गरिएको छ। यात्रा विवरण पछि पठाइनेछ।,Safe,NP,chatgpt
भुक्तानी असफल भएको कारण तपाईंको सेवा रोकिएको छ। https://verify-nepal-secure.com मा कार्ड विवरण अद्यावधिक गर्नुहोस्।,Phishing,NP,chatgpt
तपाईंले लटरी जित्नुभएको छ। पुरस्कार दाबी गर्न [लिङ्क] मा जानुहोस्।,Phishing,NP,chatgpt
तपाईंले लटरी जित्नुभएको छ। पुरस्कार दाबी गर्न https://fakebank-update.net मा जानुहोस्।,Phishing,NP,chatgpt
तपाईंको सदस्यता सफलतापूर्वक नवीकरण गरिएको छ। धन्यवाद।,Safe,NP,chatgpt
भुक्तानी असफल भएको कारण तपाईंको सेवा रोकिएको छ। [लिङ्क] मा कार्ड विवरण अद्यावधिक गर्नुहोस्।,Phishing,NP,chatgpt
हाम्रो मासिक समाचारपत्र पढ्नुभएकोमा धन्यवाद।,Safe,NP,chatgpt
तपाईंको खाता अस्थायी रूपमा बन्द गरिएको छ। पुनः सक्रिय गर्न https://fakebank-update.net खोल्नुहोस्।,Phishing,NP,chatgpt
तपाईंको पार्सल रोकिएको छ। डेलिभरी शुल्क तिर्न https://fakebank-update.net मा जानुहोस्।,Phishing,NP,chatgpt
तपाईंको मोबाइल बैंकिङ सेवा निलम्बन हुन लागेको छ। https://verify-nepal-secure.com मा गएर पहिचान पुष्टि गर्नुहोस्।,Phishing,NP,chatgpt
तपाईंको अर्डर #55870 सफलतापूर्वक पुष्टि गरिएको छ। अनुमानित डेलिभरी मिति 1999-12-16 हो।,Safe,NP,chatgpt
तपाईंको खाता अस्थायी रूपमा बन्द गरिएको छ। पुनः सक्रिय गर्न https://verify-nepal-secure.com खोल्नुहोस्।,Phishing,NP,chatgpt
तपाईंको पार्सल वितरण प्रक्रियामा छ। कृपया प्रतीक्षा गर्नुहोस्।,Safe,NP,chatgpt
तपाईंको भुक्तानी सफलतापूर्वक प्राप्त भयो। रसिद संलग्न गरिएको छ।,Safe,NP,chatgpt
तपाईंको पार्सल रोकिएको छ। डेलिभरी शुल्क तिर्न [लिङ्क] मा जानुहोस्।,Phishing,NP,chatgpt
तपाईंको इमेलमा सुरक्षा समस्या पत्ता लागेको छ। तुरुन्त https://delivery-check-now.org मा प्रमाणीकरण गर्नुहोस्।,Phishing,NP,chatgpt
हामीसँगको सहकार्यका लागि धन्यवाद। आगामी कार्यक्रममा भेटौंला।,Safe,NP,chatgpt
सेवा सुधारका लागि नयाँ नीति लागू गरिएको छ। विवरण संलग्न गरिएको छ।,Safe,NP,chatgpt
तपाईंको बैंक खातामा शंकास्पद गतिविधि भेटियो। तुरुन्त https://fakebank-update.net मा गएर प्रमाणित गर्नुहोस्।,Phishing,NP,chatgpt
तपाईंको खाता अस्थायी रूपमा बन्द गरिएको छ। पुनः सक्रिय गर्न https://नक्कली-लिङ्क.कम खोल्नुहोस्।,Phishing,NP,chatgpt
असामान्य लगइन प्रयास भेटिएको छ। आफ्नो खाता सुरक्षित गर्न https://fakebank-update.net प्रयोग गर्नुहोस्।,Phishing,NP,chatgpt
तपाईंको पार्सल वितरण प्रक्रियामा छ। कृपया प्रतीक्षा गर्नुहोस्।,Safe,NP,chatgpt
तपाईंको सामाजिक सञ्जाल खाता हटाइने अवस्थामा छ। बचाउन https://fakebank-update.net मा लगइन गर्नुहोस्।,Phishing,NP,chatgpt
तपाईंको खाता अस्थायी रूपमा बन्द गरिएको छ। पुनः सक्रिय गर्न https://fakebank-update.net खोल्नुहोस्।,Phishing,NP,chatgpt
तपाईंको मोबाइल बैंकिङ सेवा निलम्बन हुन लागेको छ। https://verify-nepal-secure.com मा गएर पहिचान पुष्टि गर्नुहोस्।,Phishing,NP,chatgpt
तपाईंको टिकट सफलतापूर्वक बुक गरिएको छ। यात्रा विवरण पछि पठाइनेछ।,Safe,NP,chatgpt
हामीसँगको सहकार्यका लागि धन्यवाद। आगामी कार्यक्रममा भेटौंला।,Safe,NP,chatgpt
हामीसँगको सहकार्यका लागि धन्यवाद। आगामी कार्यक्रममा भेटौंला।,Safe,NP,chatgpt
असामान्य लगइन प्रयास भेटिएको छ। आफ्नो खाता सुरक्षित गर्न [लिङ्क] प्रयोग गर्नुहोस्।,Phishing,NP,chatgpt
असामान्य लगइन प्रयास भेटिएको छ। आफ्नो खाता सुरक्षित गर्न https://delivery-check-now.org प्रयोग गर्नुहोस्।,Phishing,NP,chatgpt
तपाईंको टिकट सफलतापूर्वक बुक गरिएको छ। यात्रा विवरण पछि पठाइनेछ।,Safe,NP,chatgpt
तपाईंको पासवर्ड सफलतापूर्वक परिवर्तन गरिएको छ। कुनै कार्य आवश्यक छैन।,Safe,NP,chatgpt
तपाईंको भुक्तानी सफलतापूर्वक प्राप्त भयो। रसिद संलग्न गरिएको छ।,Safe,NP,chatgpt
हामीसँगको सहकार्यका लागि धन्यवाद। आगामी कार्यक्रममा भेटौंला।,Safe,NP,chatgpt
भुक्तानी असफल भएको कारण तपाईंको सेवा रोकिएको छ। https://verify-nepal-secure.com मा कार्ड विवरण अद्यावधिक गर्नुहोस्।,Phishing,NP,chatgpt
तपाईंको खाता अस्थायी रूपमा बन्द गरिएको छ। पुनः सक्रिय गर्न https://fakebank-update.net खोल्नुहोस्।,Phishing,NP,chatgpt
तपाईंको पार्सल वितरण प्रक्रियामा छ। कृपया प्रतीक्षा गर्नुहोस्।,Safe,NP,chatgpt
तपाईंको पार्सल वितरण प्रक्रियामा छ। कृपया प्रतीक्षा गर्नुहोस्।,Safe,NP,chatgpt
तपाईंको भुक्तानी सफलतापूर्वक प्राप्त भयो। रसिद संलग्न गरिएको छ।,Safe,NP,chatgpt
तपाईंको पासवर्ड सफलतापूर्वक परिवर्तन गरिएको छ। कुनै कार्य आवश्यक छैन।,Safe,NP,chatgpt
तपाईंको बैंक खातामा शंकास्पद गतिविधि भेटियो। तुरुन्त https://verify-nepal-secure.com मा गएर प्रमाणित गर्नुहोस्।,Phishing,NP,chatgpt
तपाईंको खाता अस्थायी रूपमा बन्द गरिएको छ। पुनः सक्रिय गर्न https://fakebank-update.net खोल्नुहोस्।,Phishing,NP,chatgpt
हाम्रो मासिक समाचारपत्र पढ्नुभएकोमा धन्यवाद।,Safe,NP,chatgpt
तपाईंको पासवर्ड सफलतापूर्वक परिवर्तन गरिएको छ। कुनै कार्य आवश्यक छैन।,Safe,NP,chatgpt
हाम्रो मासिक समाचारपत्र पढ्नुभएकोमा धन्यवाद।,Safe,NP,chatgpt
तपाईंले लटरी जित्नुभएको छ। पुरस्कार दाबी गर्न [लिङ्क] मा जानुहोस्।,Phishing,NP,chatgpt
तपाईंको इमेलमा सुरक्षा समस्या पत्ता लागेको छ। तुरुन्त https://नक्कली-लिङ्क.कम मा प्रमाणीकरण गर्नुहोस्।,Phishing,NP,chatgpt
सरकारी कर फिर्ता प्राप्त गर्न अहिले https://नक्कली-लिङ्क.कम मा आफ्नो विवरण अपडेट गर्नुहोस्।,Phishing,NP,chatgpt
तपाईंको पार्सल वितरण प्रक्रियामा छ। कृपया प्रतीक्षा गर्नुहोस्।,Safe,NP,chatgpt
तपाईंको पार्सल रोकिएको छ। डेलिभरी शुल्क तिर्न https://delivery-check-now.org मा जानुहोस्।,Phishing,NP,chatgpt
तपाईंको भुक्तानी सफलतापूर्वक प्राप्त भयो। रसिद संलग्न गरिएको छ।,Safe,NP,chatgpt
असामान्य लगइन प्रयास भेटिएको छ। आफ्नो खाता सुरक्षित गर्न [लिङ्क] प्रयोग गर्नुहोस्।,Phishing,NP,chatgpt
हाम्रो मासिक समाचारपत्र पढ्नुभएकोमा धन्यवाद।,Safe,NP,chatgpt
तपाईंको भुक्तानी सफलतापूर्वक प्राप्त भयो। रसिद संलग्न गरिएको छ।,Safe,NP,chatgpt
असामान्य लगइन प्रयास भेटिएको छ। आफ्नो खाता सुरक्षित गर्न [लिङ्क] प्रयोग गर्नुहोस्।,Phishing,NP,chatgpt
सरकारी कर फिर्ता प्राप्त गर्न अहिले https://verify-nepal-secure.com मा आफ्नो विवरण अपडेट गर्नुहोस्।,Phishing,NP,chatgpt
तपाईंको अर्डर #43544 सफलतापूर्वक पुष्टि गरिएको छ। अनुमानित डेलिभरी मिति 1971-12-23 हो।,Safe,NP,chatgpt
तपाईंको पार्सल रोकिएको छ। डेलिभरी शुल्क तिर्न https://delivery-check-now.org मा जानुहोस्।,Phishing,NP,chatgpt
तपाईंको पासवर्ड सफलतापूर्वक परिवर्तन गरिएको छ। कुनै कार्य आवश्यक छैन।,Safe,NP,chatgpt
तपाईंको बैंक खातामा शंकास्पद गतिविधि भेटियो। तुरुन्त https://delivery-check-now.org मा गएर प्रमाणित गर्नुहोस्।,Phishing,NP,chatgpt
तपाईंको पार्सल वितरण प्रक्रियामा छ। कृपया प्रतीक्षा गर्नुहोस्।,Safe,NP,chatgpt
तपाईंको सामाजिक सञ्जाल खाता हटाइने अवस्थामा छ। बचाउन https://delivery-check-now.org मा लगइन गर्नुहोस्।,Phishing,NP,chatgpt
तपाईंको मोबाइल बैंकिङ सेवा निलम्बन हुन लागेको छ। https://नक्कली-लिङ्क.कम मा गएर पहिचान पुष्टि गर्नुहोस्।,Phishing,NP,chatgpt
सरकारी कर फिर्ता प्राप्त गर्न अहिले [लिङ्क] मा आफ्नो विवरण अपडेट गर्नुहोस्।,Phishing,NP,chatgpt
तपाईंको सामाजिक सञ्जाल खाता हटाइने अवस्थामा छ। बचाउन https://delivery-check-now.org मा लगइन गर्नुहोस्।,Phishing,NP,chatgpt
सरकारी कर फिर्ता प्राप्त गर्न अहिले https://नक्कली-लिङ्क.कम मा आफ्नो विवरण अपडेट गर्नुहोस्।,Phishing,NP,chatgpt
हामीसँगको सहकार्यका लागि धन्यवाद। आगामी कार्यक्रममा भेटौंला।,Safe,NP,chatgpt
तपाईंको मोबाइल बैंकिङ सेवा निलम्बन हुन लागेको छ। https://verify-nepal-secure.com मा गएर पहिचान पुष्टि गर्नुहोस्।,Phishing,NP,chatgpt
तपाईंको सामाजिक सञ्जाल खाता हटाइने अवस्थामा छ। बचाउन https://नक्कली-लिङ्क.कम मा लगइन गर्नुहोस्।,Phishing,NP,chatgpt
हाम्रो मासिक समाचारपत्र पढ्नुभएकोमा धन्यवाद।,Safe,NP,chatgpt
सेवा सुधारका लागि नयाँ नीति लागू गरिएको छ। विवरण संलग्न गरिएको छ।,Safe,NP,chatgpt
हामीसँगको सहकार्यका लागि धन्यवाद। आगामी कार्यक्रममा भेटौंला।,Safe,NP,chatgpt
हामीसँगको सहकार्यका लागि धन्यवाद। आगामी कार्यक्रममा भेटौंला।,Safe,NP,chatgpt
तपाईंको पासवर्ड सफलतापूर्वक परिवर्तन गरिएको छ। कुनै कार्य आवश्यक छैन।,Safe,NP,chatgpt
तपाईंको खाता अस्थायी रूपमा बन्द गरिएको छ। पुनः सक्रिय गर्न https://नक्कली-लिङ्क.कम खोल्नुहोस्।,Phishing,NP,chatgpt
तपाईंको अर्डर #52516 सफलतापूर्वक पुष्टि गरिएको छ। अनुमानित डेलिभरी मिति 2025-01-30 हो।,Safe,NP,chatgpt
सरकारी कर फिर्ता प्राप्त गर्न अहिले https://verify-nepal-secure.com मा आफ्नो विवरण अपडेट गर्नुहोस्।,Phishing,NP,chatgpt
सेवा सुधारका लागि नयाँ नीति लागू गरिएको छ। विवरण संलग्न गरिएको छ।,Safe,NP,chatgpt
तपाईंको टिकट सफलतापूर्वक बुक गरिएको छ। यात्रा विवरण पछि पठाइनेछ।,Safe,NP,chatgpt
भोलिको बैठक 06:58:09 बजेका लागि तय गरिएको छ। कृपया समयमै सहभागी हुनुहोस्।,Safe,NP,chatgpt
तपाईंको पार्सल रोकिएको छ। डेलिभरी शुल्क तिर्न https://fakebank-update.net मा जानुहोस्।,Phishing,NP,chatgpt
तपाईंको मोबाइल बैंकिङ सेवा निलम्बन हुन लागेको छ। https://नक्कली-लिङ्क.कम मा गएर पहिचान पुष्टि गर्नुहोस्।,Phishing,NP,chatgpt
तपाईंको सदस्यता सफलतापूर्वक नवीकरण गरिएको छ। धन्यवाद।,Safe,NP,chatgpt
सरकारी कर फिर्ता प्राप्त गर्न अहिले [लिङ्क] मा आफ्नो विवरण अपडेट गर्नुहोस्।,Phishing,NP,chatgpt
भोलिको बैठक 06:45:10 बजेका लागि तय गरिएको छ। कृपया समयमै सहभागी हुनुहोस्।,Safe,NP,chatgpt
भोलिको बैठक 02:41:50 बजेका लागि तय गरिएको छ। कृपया समयमै सहभागी हुनुहोस्।,Safe,NP,chatgpt
तपाईंको सदस्यता सफलतापूर्वक नवीकरण गरिएको छ। धन्यवाद।,Safe,NP,chatgpt
भोलिको बैठक 08:40:10 बजेका लागि तय गरिएको छ। कृपया समयमै सहभागी हुनुहोस्।,Safe,NP,chatgpt
तपाईंको पासवर्ड सफलतापूर्वक परिवर्तन गरिएको छ। कुनै कार्य आवश्यक छैन।,Safe,NP,chatgpt
तपाईंको पार्सल रोकिएको छ। डेलिभरी शुल्क तिर्न [लिङ्क] मा जानुहोस्।,Phishing,NP,chatgpt
तपाईंले लटरी जित्नुभएको छ। पुरस्कार दाबी गर्न [लिङ्क] मा जानुहोस्।,Phishing,NP,chatgpt
तपाईंको पासवर्ड सफलतापूर्वक परिवर्तन गरिएको छ। कुनै कार्य आवश्यक छैन।,Safe,NP,chatgpt
हामीसँगको सहकार्यका लागि धन्यवाद। आगामी कार्यक्रममा भेटौंला।,Safe,NP,chatgpt
भोलिको बैठक 11:01:52 बजेका लागि तय गरिएको छ। कृपया समयमै सहभागी हुनुहोस्।,Safe,NP,chatgpt
तपाईंको खाता अस्थायी रूपमा बन्द गरिएको छ। पुनः सक्रिय गर्न https://नक्कली-लिङ्क.कम खोल्नुहोस्।,Phishing,NP,chatgpt
तपाईंको अर्डर #91439 सफलतापूर्वक पुष्टि गरिएको छ। अनुमानित डेलिभरी मिति 2018-03-02 हो।,Safe,NP,chatgpt
तपाईंको खाता अस्थायी रूपमा बन्द गरिएको छ। पुनः सक्रिय गर्न [लिङ्क] खोल्नुहोस्।,Phishing,NP,chatgpt
तपाईंको सदस्यता सफलतापूर्वक नवीकरण गरिएको छ। धन्यवाद।,Safe,NP,chatgpt
तपाईंले लटरी जित्नुभएको छ। पुरस्कार दाबी गर्न https://नक्कली-लिङ्क.कम मा जानुहोस्।,Phishing,NP,chatgpt
हामीसँगको सहकार्यका लागि धन्यवाद। आगामी कार्यक्रममा भेटौंला।,Safe,NP,chatgpt
सेवा सुधारका लागि नयाँ नीति लागू गरिएको छ। विवरण संलग्न गरिएको छ।,Safe,NP,chatgpt
तपाईंको मोबाइल बैंकिङ सेवा निलम्बन हुन लागेको छ। [लिङ्क] मा गएर पहिचान पुष्टि गर्नुहोस्।,Phishing,NP,chatgpt
तपाईंले लटरी जित्नुभएको छ। पुरस्कार दाबी गर्न https://नक्कली-लिङ्क.कम मा जानुहोस्।,Phishing,NP,chatgpt
तपाईंको सदस्यता सफलतापूर्वक नवीकरण गरिएको छ। धन्यवाद।,Safe,NP,chatgpt
सरकारी कर फिर्ता प्राप्त गर्न अहिले https://verify-nepal-secure.com मा आफ्नो विवरण अपडेट गर्नुहोस्।,Phishing,NP,chatgpt
सेवा सुधारका लागि नयाँ नीति लागू गरिएको छ। विवरण संलग्न गरिएको छ।,Safe,NP,chatgpt
तपाईंको पासवर्ड सफलतापूर्वक परिवर्तन गरिएको छ। कुनै कार्य आवश्यक छैन।,Safe,NP,chatgpt
तपाईंको खाता अस्थायी रूपमा बन्द गरिएको छ। पुनः सक्रिय गर्न https://delivery-check-now.org खोल्नुहोस्।,Phishing,NP,chatgpt
तपाईंको अर्डर #31579 सफलतापूर्वक पुष्टि गरिएको छ। अनुमानित डेलिभरी मिति 1992-04-01 हो।,Safe,NP,chatgpt
तपाईंको पार्सल वितरण प्रक्रियामा छ। कृपया प्रतीक्षा गर्नुहोस्।,Safe,NP,chatgpt
सेवा सुधारका लागि नयाँ नीति लागू गरिएको छ। विवरण संलग्न गरिएको छ।,Safe,NP,chatgpt
भुक्तानी असफल भएको कारण तपाईंको सेवा रोकिएको छ। [लिङ्क] मा कार्ड विवरण अद्यावधिक गर्नुहोस्।,Phishing,NP,chatgpt
तपाईंको पार्सल रोकिएको छ। डेलिभरी शुल्क तिर्न https://fakebank-update.net मा जानुहोस्।,Phishing,NP,chatgpt
भोलिको बैठक 13:26:41 बजेका लागि तय गरिएको छ। कृपया समयमै सहभागी हुनुहोस्।,Safe,NP,chatgpt
तपाईंको पार्सल वितरण प्रक्रियामा छ। कृपया प्रतीक्षा गर्नुहोस्।,Safe,NP,chatgpt
तपाईंको पासवर्ड सफलतापूर्वक परिवर्तन गरिएको छ। कुनै कार्य आवश्यक छैन।,Safe,NP,chatgpt
तपाईंको बैंक खातामा शंकास्पद गतिविधि भेटियो। तुरुन्त https://delivery-check-now.org मा गएर प्रमाणित गर्नुहोस्।,Phishing,NP,chatgpt
सरकारी कर फिर्ता प्राप्त गर्न अहिले https://fakebank-update.net मा आफ्नो विवरण अपडेट गर्नुहोस्।,Phishing,NP,chatgpt
सेवा सुधारका लागि नयाँ नीति लागू गरिएको छ। विवरण संलग्न गरिएको छ।,Safe,NP,chatgpt
तपाईंको बैंक खातामा शंकास्पद गतिविधि भेटियो। तुरुन्त https://नक्कली-लिङ्क.कम मा गएर प्रमाणित गर्नुहोस्।,Phishing,NP,chatgpt
भोलिको बैठक 08:59:53 बजेका लागि तय गरिएको छ। कृपया समयमै सहभागी हुनुहोस्।,Safe,NP,chatgpt
तपाईंको सामाजिक सञ्जाल खाता हटाइने अवस्थामा छ। बचाउन https://verify-nepal-secure.com मा लगइन गर्नुहोस्।,Phishing,NP,chatgpt
